painting_name,folder,group_label,rms_accel,rms_jerk,rms_gyro,dominant_freq_hz,freq_strength,duration_s,std_accel,max_accel,std_jerk,max_jerk,std_gyro,max_gyro,accel_peak_count,gyro_peak_count,accel_zero_crossings,gyro_accel_ratio,prompt,negative_prompt
Gesture as a brush 2026-03-14 09-25-22,./data/heart/Gesture as a brush 2026-03-14 09-25-22,heart,10.730820405178186,57.519039792294585,1.3279829278584592,0.8446829502070184,20.162127110068454,21.29872083,3.370353322581708,25.772201191560573,57.51903804544556,288.1778791407999,0.5732627004374004,3.0023591202101407,274.0,132.0,116.0,0.12375409126164141,"abstract hand-painted acrylic painting on canvas, visible brush strokes, rich paint texture, expressive abstract composition, painterly, no objects, no figures, no text, no lettering, bold saturated colors, heavy impasto thick paint, high contrast, energetic expressive strokes, fragmented brush marks, sharp broken edges, paint splatter texture, glitch-like fragmentation but painterly, mixed stroke directions, subtle curvature in brush movement, rhythmic repetition around 0.84 Hz, layered repeating brush patterns","photorealistic, realistic, portrait, faces, people, text, typography, watermark, logo, 3d render, cartoon, anime, low quality, blurry"
Gesture as a brush 2026-03-14 09-27-32,./data/heart/Gesture as a brush 2026-03-14 09-27-32,heart,12.847480785994378,106.29938388456674,2.0776471024058223,1.3357121338966207,10.148964191505037,19.455651166667,5.733161864005189,31.168530995371064,106.29938153356774,436.0602991103719,0.8986506256733744,5.368820283905729,245.0,213.0,106.0,0.16171630351913377,"abstract hand-painted acrylic painting on canvas, visible brush strokes, rich paint texture, expressive abstract composition, painterly, no objects, no figures, no text, no lettering, bold saturated colors, heavy impasto thick paint, high contrast, energetic expressive strokes, fragmented brush marks, sharp broken edges, paint splatter texture, glitch-like fragmentation but painterly, circular swirling composition, spiral brush motion, radial energy around a center, rhythmic repetition around 1.34 Hz, layered repeating brush patterns","photorealistic, realistic, portrait, faces, people, text, typography, watermark, logo, 3d render, cartoon, anime, low quality, blurry"
Gesture as a brush 2026-03-14 09-28-14,./data/heart/Gesture as a brush 2026-03-14 09-28-14,heart,15.34252307075097,140.4306651904278,2.6350207813127744,0.908828633999194,10.034818925638112,19.796251996667,8.15634969801567,43.8131837325842,140.4306651858892,733.47564478981,1.4411330167152467,7.427398670517117,197.0,205.0,78.0,0.17174624857918183,"abstract hand-painted acrylic painting on canvas, visible brush strokes, rich paint texture, expressive abstract composition, painterly, no objects, no figures, no text, no lettering, bold saturated colors, heavy impasto thick paint, high contrast, energetic expressive strokes, fragmented brush marks, sharp broken edges, paint splatter texture, glitch-like fragmentation but painterly, circular swirling composition, spiral brush motion, radial energy around a center, rhythmic repetition around 0.91 Hz, layered repeating brush patterns","photorealistic, realistic, portrait, faces, people, text, typography, watermark, logo, 3d render, cartoon, anime, low quality, blurry"
Gesture as a brush 2026-03-14 09-28-58,./data/heart/Gesture as a brush 2026-03-14 09-28-58,heart,12.312705449371084,180.04697533335502,2.3493788458122595,2.3669032759057353,4.196905290847329,17.433097335,4.890682885743417,31.6437330912066,180.04697487463147,1358.2584914619902,1.2197786170138998,11.191882899292237,166.0,90.0,118.0,0.19080931118525646,"abstract hand-painted acrylic painting on canvas, visible brush strokes, rich paint texture, expressive abstract composition, painterly, no objects, no figures, no text, no lettering, bold saturated colors, heavy impasto thick paint, high contrast, energetic expressive strokes, fragmented brush marks, sharp broken edges, paint splatter texture, glitch-like fragmentation but painterly, circular swirling composition, spiral brush motion, radial energy around a center, subtle rhythmic structure around 2.37 Hz, some repeated motifs","photorealistic, realistic, portrait, faces, people, text, typography, watermark, logo, 3d render, cartoon, anime, low quality, blurry"
Gesture as a brush 2026-03-14 09-29-33,./data/heart/Gesture as a brush 2026-03-14 09-29-33,heart,12.705299171130743,109.68601570047977,3.218577036386297,0.3489930184528064,10.60266718442393,19.225462251667,5.569732394190747,30.44843172095335,109.68601135052533,1154.8376972368867,1.4654757786875194,9.05413711706783,199.0,171.0,66.0,0.253325560679932,"abstract hand-painted acrylic painting on canvas, visible brush strokes, rich paint texture, expressive abstract composition, painterly, no objects, no figures, no text, no lettering, bold saturated colors, heavy impasto thick paint, high contrast, energetic expressive strokes, fragmented brush marks, sharp broken edges, paint splatter texture, glitch-like fragmentation but painterly, circular swirling composition, spiral brush motion, radial energy around a center, rhythmic repetition around 0.35 Hz, layered repeating brush patterns","photorealistic, realistic, portrait, faces, people, text, typography, watermark, logo, 3d render, cartoon, anime, low quality, blurry"
Gesture as a brush 2026-03-14 09-30-02,./data/heart/Gesture as a brush 2026-03-14 09-30-02,heart,12.732693332242334,122.32217883668208,3.3507221252801536,0.3544008828267498,8.709265287700141,16.271519213333,5.915414571981163,33.97832400285077,122.32215568561092,1341.420788495822,1.5122654123118302,8.30739525549125,160.0,141.0,42.0,0.26315894348386887,"abstract hand-painted acrylic painting on canvas, visible brush strokes, rich paint texture, expressive abstract composition, painterly, no objects, no figures, no text, no lettering, bold saturated colors, heavy impasto thick paint, high contrast, energetic expressive strokes, fragmented brush marks, sharp broken edges, paint splatter texture, glitch-like fragmentation but painterly, circular swirling composition, spiral brush motion, radial energy around a center, rhythmic repetition around 0.35 Hz, layered repeating brush patterns","photorealistic, realistic, portrait, faces, people, text, typography, watermark, logo, 3d render, cartoon, anime, low quality, blurry"
Gesture as a brush 2026-03-14 09-30-38,./data/heart/Gesture as a brush 2026-03-14 09-30-38,heart,13.394695503919744,198.56248480386688,3.394651311406575,2.3662618387035925,4.037998378994419,18.7949411249999,5.350379370438591,35.15095067987696,198.56247950787906,1452.1627507881303,1.5333933343661106,8.097622244424548,161.0,146.0,84.0,0.2534325106651175,"abstract hand-painted acrylic painting on canvas, visible brush strokes, rich paint texture, expressive abstract composition, painterly, no objects, no figures, no text, no lettering, bold saturated colors, heavy impasto thick paint, high contrast, energetic expressive strokes, fragmented brush marks, sharp broken edges, paint splatter texture, glitch-like fragmentation but painterly, circular swirling composition, spiral brush motion, radial energy around a center, subtle rhythmic structure around 2.37 Hz, some repeated motifs","photorealistic, realistic, portrait, faces, people, text, typography, watermark, logo, 3d render, cartoon, anime, low quality, blurry"
Gesture as a brush 2026-03-14 09-31-14,./data/heart/Gesture as a brush 2026-03-14 09-31-14,heart,11.896257387213803,81.43041088701499,2.103330772720951,1.0032161605281578,15.566705818884829,19.9263559566661,4.964507676264599,30.16684559298324,81.43041016144227,487.3375083373244,0.9961539698428585,6.521551709885606,205.0,208.0,78.0,0.1768060915363871,"abstract hand-painted acrylic painting on canvas, visible brush strokes, rich paint texture, expressive abstract composition, painterly, no objects, no figures, no text, no lettering, bold saturated colors, heavy impasto thick paint, high contrast, energetic expressive strokes, fragmented brush marks, sharp broken edges, paint splatter texture, glitch-like fragmentation but painterly, circular swirling composition, spiral brush motion, radial energy around a center, rhythmic repetition around 1.00 Hz, layered repeating brush patterns","photorealistic, realistic, portrait, faces, people, text, typography, watermark, logo, 3d render, cartoon, anime, low quality, blurry"
Gesture as a brush 2026-03-14 09-31-46,./data/heart/Gesture as a brush 2026-03-14 09-31-46,heart,12.001635119929313,74.02318123705723,2.3079558400679954,0.8705390014771941,16.197696516645237,20.667328998333,4.894617190286734,31.147888841834142,74.0231811370281,460.78205573271356,1.0588142053440046,6.60714442722865,224.0,212.0,84.0,0.19230345005600247,"abstract hand-painted acrylic painting on canvas, visible brush strokes, rich paint texture, expressive abstract composition, painterly, no objects, no figures, no text, no lettering, bold saturated colors, heavy impasto thick paint, high contrast, energetic expressive strokes, fragmented brush marks, sharp broken edges, paint splatter texture, glitch-like fragmentation but painterly, circular swirling composition, spiral brush motion, radial energy around a center, rhythmic repetition around 0.87 Hz, layered repeating brush patterns","photorealistic, realistic, portrait, faces, people, text, typography, watermark, logo, 3d render, cartoon, anime, low quality, blurry"
Gesture as a brush 2026-03-14 09-32-27,./data/heart/Gesture as a brush 2026-03-14 09-32-27,heart,19.085218103865106,184.16954979945237,3.453463468633303,1.7120600362384817,10.008296428669281,21.017975961666,9.988876757811301,57.28653511967982,184.16954446173773,1260.8160786239366,1.7310147879502793,10.196093601924765,233.0,211.0,82.0,0.18094964645716904,"abstract hand-painted acrylic painting on canvas, visible brush strokes, rich paint texture, expressive abstract composition, painterly, no objects, no figures, no text, no lettering, bold saturated colors, heavy impasto thick paint, high contrast, energetic expressive strokes, fragmented brush marks, sharp broken edges, paint splatter texture, glitch-like fragmentation but painterly, circular swirling composition, spiral brush motion, radial energy around a center, rhythmic repetition around 1.71 Hz, layered repeating brush patterns","photorealistic, realistic, portrait, faces, people, text, typography, watermark, logo, 3d render, cartoon, anime, low quality, blurry"
Gesture as a brush 2026-03-14 09-33-10,./data/heart/Gesture as a brush 2026-03-14 09-33-10,heart,14.362187363047838,193.3628670483712,3.5934483411648275,0.543511122615391,6.556210216967374,18.23409967,5.780646446677651,38.98461798890495,193.3628669919151,2156.5042163948337,1.4799848552517023,8.408247552455297,156.0,162.0,76.0,0.250202023555279,"abstract hand-painted acrylic painting on canvas, visible brush strokes, rich paint texture, expressive abstract composition, painterly, no objects, no figures, no text, no lettering, bold saturated colors, heavy impasto thick paint, high contrast, energetic expressive strokes, fragmented brush marks, sharp broken edges, paint splatter texture, glitch-like fragmentation but painterly, circular swirling composition, spiral brush motion, radial energy around a center, subtle rhythmic structure around 0.54 Hz, some repeated motifs","photorealistic, realistic, portrait, faces, people, text, typography, watermark, logo, 3d render, cartoon, anime, low quality, blurry"
Gesture as a brush 2026-03-14 09-34-27,./data/heart/Gesture as a brush 2026-03-14 09-34-27,heart,11.872780106165482,158.18449172223197,2.8373059993969076,1.5350328690074881,6.5431464122373555,23.300860625000002,5.470441472174281,38.29540770391893,158.18448924017386,1527.6203703523158,1.2867497142944677,7.93594041962552,221.0,197.0,116.0,0.23897570525074674,"abstract hand-painted acrylic painting on canvas, visible brush strokes, rich paint texture, expressive abstract composition, painterly, no objects, no figures, no text, no lettering, bold saturated colors, heavy impasto thick paint, high contrast, energetic expressive strokes, fragmented brush marks, sharp broken edges, paint splatter texture, glitch-like fragmentation but painterly, circular swirling composition, spiral brush motion, radial energy around a center, subtle rhythmic structure around 1.54 Hz, some repeated motifs","photorealistic, realistic, portrait, faces, people, text, typography, watermark, logo, 3d render, cartoon, anime, low quality, blurry"
Gesture as a brush 2026-03-14 09-35-00,./data/heart/Gesture as a brush 2026-03-14 09-35-00,heart,13.450723265527476,219.67753514862187,3.357713721888547,2.3551282631493877,5.351828445460189,19.215562211667002,5.742034791432667,43.225792081174404,219.6775347754078,2494.8063383651474,1.5861970654736988,8.604594150387038,177.0,88.0,86.0,0.24963071913346976,"abstract hand-painted acrylic painting on canvas, visible brush strokes, rich paint texture, expressive abstract composition, painterly, no objects, no figures, no text, no lettering, bold saturated colors, heavy impasto thick paint, high contrast, energetic expressive strokes, fragmented brush marks, sharp broken edges, paint splatter texture, glitch-like fragmentation but painterly, circular swirling composition, spiral brush motion, radial energy around a center, subtle rhythmic structure around 2.36 Hz, some repeated motifs","photorealistic, realistic, portrait, faces, people, text, typography, watermark, logo, 3d render, cartoon, anime, low quality, blurry"
Gesture as a brush 2026-03-14 09-35-37,./data/heart/Gesture as a brush 2026-03-14 09-35-37,heart,11.761085807873016,169.73305142185296,2.4261374634854187,2.045122910182487,4.848936356199099,19.3157037483341,5.093669278238567,31.919203213184236,169.73304891571058,2178.278158761946,1.2875879247103974,10.604986646380896,174.0,160.0,130.0,0.20628515962829275,"abstract hand-painted acrylic painting on canvas, visible brush strokes, rich paint texture, expressive abstract composition, painterly, no objects, no figures, no text, no lettering, bold saturated colors, heavy impasto thick paint, high contrast, energetic expressive strokes, fragmented brush marks, sharp broken edges, paint splatter texture, glitch-like fragmentation but painterly, circular swirling composition, spiral brush motion, radial energy around a center, subtle rhythmic structure around 2.05 Hz, some repeated motifs","photorealistic, realistic, portrait, faces, people, text, typography, watermark, logo, 3d render, cartoon, anime, low quality, blurry"
Gesture as a brush 2026-03-14 09-36-06,./data/heart/Gesture as a brush 2026-03-14 09-36-06,heart,12.29903354741916,180.6445558927828,2.7589536877752576,2.0015445021677714,8.018375331557923,16.822418666666998,5.076696982212652,36.13305192465546,180.64455550106481,1726.3659868156903,1.5596491410838529,11.122205483558883,151.0,78.0,90.0,0.22432280365068816,"abstract hand-painted acrylic painting on canvas, visible brush strokes, rich paint texture, expressive abstract composition, painterly, no objects, no figures, no text, no lettering, bold saturated colors, heavy impasto thick paint, high contrast, energetic expressive strokes, fragmented brush marks, sharp broken edges, paint splatter texture, glitch-like fragmentation but painterly, circular swirling composition, spiral brush motion, radial energy around a center, rhythmic repetition around 2.00 Hz, layered repeating brush patterns","photorealistic, realistic, portrait, faces, people, text, typography, watermark, logo, 3d render, cartoon, anime, low quality, blurry"
Gesture as a brush 2026-03-14 09-36-45,./data/heart/Gesture as a brush 2026-03-14 09-36-45,heart,13.8502874160146,203.68095459161168,4.294866935156809,2.0806285162620437,5.962289121466457,19.015426378333,6.070106677118775,33.10139175989667,203.68092490931295,1543.3488800098776,1.8906834593116175,10.641242543978718,138.0,69.0,86.0,0.3100922606039722,"abstract hand-painted acrylic painting on canvas, visible brush strokes, rich paint texture, expressive abstract composition, painterly, no objects, no figures, no text, no lettering, bold saturated colors, heavy impasto thick paint, high contrast, energetic expressive strokes, fragmented brush marks, sharp broken edges, paint splatter texture, glitch-like fragmentation but painterly, circular swirling composition, spiral brush motion, radial energy around a center, subtle rhythmic structure around 2.08 Hz, some repeated motifs","photorealistic, realistic, portrait, faces, people, text, typography, watermark, logo, 3d render, cartoon, anime, low quality, blurry"
Gesture as a brush 2026-03-14 09-37-27,./data/heart/Gesture as a brush 2026-03-14 09-37-27,heart,14.842348764359647,229.37593208028397,3.928651456046343,2.7523318571490814,5.059544678219901,20.057076333333,5.638596684259303,40.59384519987097,229.37593102470086,1816.7061803273898,1.6022378314095969,10.430483317108985,155.0,156.0,108.0,0.26469203211390424,"abstract hand-painted acrylic painting on canvas, visible brush strokes, rich paint texture, expressive abstract composition, painterly, no objects, no figures, no text, no lettering, bold saturated colors, heavy impasto thick paint, high contrast, energetic expressive strokes, fragmented brush marks, sharp broken edges, paint splatter texture, glitch-like fragmentation but painterly, circular swirling composition, spiral brush motion, radial energy around a center, subtle rhythmic structure around 2.75 Hz, some repeated motifs","photorealistic, realistic, portrait, faces, people, text, typography, watermark, logo, 3d render, cartoon, anime, low quality, blurry"
Gesture as a brush 2026-03-14 09-37-56,./data/heart/Gesture as a brush 2026-03-14 09-37-56,heart,14.261616639751576,241.73813428424802,3.6493170199594718,0.22306841871931204,5.733976732239525,19.4462046666665,5.8815824483419155,41.72529478059248,241.73813418203315,1966.9183688838502,1.9254674057940722,9.880245600505877,174.0,159.0,74.0,0.25588382522720476,"abstract hand-painted acrylic painting on canvas, visible brush strokes, rich paint texture, expressive abstract composition, painterly, no objects, no figures, no text, no lettering, bold saturated colors, heavy impasto thick paint, high contrast, energetic expressive strokes, fragmented brush marks, sharp broken edges, paint splatter texture, glitch-like fragmentation but painterly, circular swirling composition, spiral brush motion, radial energy around a center, subtle rhythmic structure around 0.22 Hz, some repeated motifs","photorealistic, realistic, portrait, faces, people, text, typography, watermark, logo, 3d render, cartoon, anime, low quality, blurry"
Gesture as a brush 2026-03-14 09-38-31,./data/heart/Gesture as a brush 2026-03-14 09-38-31,heart,15.77829927021981,170.13281028214982,3.2869671469724997,1.6715593828899982,7.565766188152125,16.1419859550003,7.832892646583283,41.70357716771843,170.13280980411565,1021.6656756176866,1.6270015905731223,9.908655410899437,162.0,161.0,98.0,0.20832201813842174,"abstract hand-painted acrylic painting on canvas, visible brush strokes, rich paint texture, expressive abstract composition, painterly, no objects, no figures, no text, no lettering, bold saturated colors, heavy impasto thick paint, high contrast, energetic expressive strokes, fragmented brush marks, sharp broken edges, paint splatter texture, glitch-like fragmentation but painterly, circular swirling composition, spiral brush motion, radial energy around a center, subtle rhythmic structure around 1.67 Hz, some repeated motifs","photorealistic, realistic, portrait, faces, people, text, typography, watermark, logo, 3d render, cartoon, anime, low quality, blurry"
Gesture as a brush 2026-03-14 09-39-13,./data/heart/Gesture as a brush 2026-03-14 09-39-13,heart,12.977219852652206,158.49704917689482,3.2342866511801978,2.081625388613446,7.189472484471445,21.549443586666,5.662598743205668,34.81194320318948,158.49704809523539,1806.580102052653,1.5298258585527333,7.844013344710622,178.0,190.0,86.0,0.2492280078209483,"abstract hand-painted acrylic painting on canvas, visible brush strokes, rich paint texture, expressive abstract composition, painterly, no objects, no figures, no text, no lettering, bold saturated colors, heavy impasto thick paint, high contrast, energetic expressive strokes, fragmented brush marks, sharp broken edges, paint splatter texture, glitch-like fragmentation but painterly, circular swirling composition, spiral brush motion, radial energy around a center, subtle rhythmic structure around 2.08 Hz, some repeated motifs","photorealistic, realistic, portrait, faces, people, text, typography, watermark, logo, 3d render, cartoon, anime, low quality, blurry"
Gesture as a brush 2026-03-14 09-53-54,./data/star/Gesture as a brush 2026-03-14 09-53-54,star,12.196155258939221,119.53873380393748,2.4069201785744467,1.500185827366186,6.218313903343437,16.242478045,4.6213348861622645,29.96881980749423,119.53873380325334,1357.9541994147698,1.473566610431473,11.021199957435677,166.0,145.0,106.0,0.19735073285599034,"abstract hand-painted acrylic painting on canvas, visible brush strokes, rich paint texture, expressive abstract composition, painterly, no objects, no figures, no text, no lettering, bold saturated colors, heavy impasto thick paint, high contrast, energetic expressive strokes, fragmented brush marks, sharp broken edges, paint splatter texture, glitch-like fragmentation but painterly, circular swirling composition, spiral brush motion, radial energy around a center, subtle rhythmic structure around 1.50 Hz, some repeated motifs","photorealistic, realistic, portrait, faces, people, text, typography, watermark, logo, 3d render, cartoon, anime, low quality, blurry"
Gesture as a brush 2026-03-14 09-54-33,./data/star/Gesture as a brush 2026-03-14 09-54-33,star,12.398324393364078,150.88600792386848,2.7272696147116395,1.87942651930961,3.362233246522486,17.244554168333,4.753772090859345,28.084239492650855,150.8859959290975,1045.788747245017,1.7423800431654517,12.525093805182497,173.0,109.0,128.0,0.2199708225049651,"abstract hand-painted acrylic painting on canvas, visible brush strokes, rich paint texture, expressive abstract composition, painterly, no objects, no figures, no text, no lettering, bold saturated colors, heavy impasto thick paint, high contrast, energetic expressive strokes, fragmented brush marks, sharp broken edges, paint splatter texture, glitch-like fragmentation but painterly, circular swirling composition, spiral brush motion, radial energy around a center, non-periodic gesture, irregular paint distribution","photorealistic, realistic, portrait, faces, people, text, typography, watermark, logo, 3d render, cartoon, anime, low quality, blurry"
Gesture as a brush 2026-03-14 09-55-28,./data/star/Gesture as a brush 2026-03-14 09-55-28,star,14.78106625071502,164.95562109838554,3.0987889869674023,0.2662938552692905,6.099880501820667,15.020547416666789,5.993236492182488,42.663255660129934,164.95561352013956,1486.4202249752082,2.015954890678867,10.521244174320536,118.0,110.0,56.0,0.2096458357060578,"abstract hand-painted acrylic painting on canvas, visible brush strokes, rich paint texture, expressive abstract composition, painterly, no objects, no figures, no text, no lettering, bold saturated colors, heavy impasto thick paint, high contrast, energetic expressive strokes, fragmented brush marks, sharp broken edges, paint splatter texture, glitch-like fragmentation but painterly, circular swirling composition, spiral brush motion, radial energy around a center, subtle rhythmic structure around 0.27 Hz, some repeated motifs","photorealistic, realistic, portrait, faces, people, text, typography, watermark, logo, 3d render, cartoon, anime, low quality, blurry"
Gesture as a brush 2026-03-14 09-55-56,./data/star/Gesture as a brush 2026-03-14 09-55-56,star,11.532059597986633,106.83310126525643,2.276183631137392,1.2618749603513195,6.136973466281638,18.275042791666998,4.130641669663822,26.935243878574344,106.83310114027849,768.1543736969476,1.4660470693283976,12.358253063626222,177.0,99.0,130.0,0.1973787606281023,"abstract hand-painted acrylic painting on canvas, visible brush strokes, rich paint texture, expressive abstract composition, painterly, no objects, no figures, no text, no lettering, bold saturated colors, heavy impasto thick paint, high contrast, energetic expressive strokes, fragmented brush marks, sharp broken edges, paint splatter texture, glitch-like fragmentation but painterly, circular swirling composition, spiral brush motion, radial energy around a center, subtle rhythmic structure around 1.26 Hz, some repeated motifs","photorealistic, realistic, portrait, faces, people, text, typography, watermark, logo, 3d render, cartoon, anime, low quality, blurry"
Gesture as a brush 2026-03-14 09-56-25,./data/star/Gesture as a brush 2026-03-14 09-56-25,star,14.134558878810198,131.248958282202,3.0266934709605655,1.086913694976696,5.072036301393492,17.6043524166681,5.271751991953073,31.466877449915636,131.24895567779117,815.5902290804638,1.6560166943379881,9.423715827980693,163.0,134.0,64.0,0.2141342716597894,"abstract hand-painted acrylic painting on canvas, visible brush strokes, rich paint texture, expressive abstract composition, painterly, no objects, no figures, no text, no lettering, bold saturated colors, heavy impasto thick paint, high contrast, energetic expressive strokes, fragmented brush marks, sharp broken edges, paint splatter texture, glitch-like fragmentation but painterly, circular swirling composition, spiral brush motion, radial energy around a center, subtle rhythmic structure around 1.09 Hz, some repeated motifs","photorealistic, realistic, portrait, faces, people, text, typography, watermark, logo, 3d render, cartoon, anime, low quality, blurry"
Gesture as a brush 2026-03-14 09-57-01,./data/star/Gesture as a brush 2026-03-14 09-57-01,star,13.671831213293684,181.96021124039805,2.959541431200753,1.8339797194854721,4.055954167326323,26.156272956667,5.671296862146381,34.65424666419888,181.96020863866732,1104.6401762559685,1.6834489687620462,10.693512547533011,235.0,201.0,144.0,0.21647000938006017,"abstract hand-painted acrylic painting on canvas, visible brush strokes, rich paint texture, expressive abstract composition, painterly, no objects, no figures, no text, no lettering, bold saturated colors, heavy impasto thick paint, high contrast, energetic expressive strokes, fragmented brush marks, sharp broken edges, paint splatter texture, glitch-like fragmentation but painterly, circular swirling composition, spiral brush motion, radial energy around a center, subtle rhythmic structure around 1.83 Hz, some repeated motifs","photorealistic, realistic, portrait, faces, people, text, typography, watermark, logo, 3d render, cartoon, anime, low quality, blurry"
Gesture as a brush 2026-03-14 09-57-34,./data/star/Gesture as a brush 2026-03-14 09-57-34,star,13.532033524540218,126.75488781062099,3.207265966837689,0.21603071006162025,5.827421359041561,21.4697690366667,5.465511401558925,30.330562899417735,126.75488679787689,1065.2761295742962,1.7648459839011585,9.48165960151835,173.0,163.0,76.0,0.23701285995074792,"abstract hand-painted acrylic painting on canvas, visible brush strokes, rich paint texture, expressive abstract composition, painterly, no objects, no figures, no text, no lettering, bold saturated colors, heavy impasto thick paint, high contrast, energetic expressive strokes, fragmented brush marks, sharp broken edges, paint splatter texture, glitch-like fragmentation but painterly, circular swirling composition, spiral brush motion, radial energy around a center, subtle rhythmic structure around 0.22 Hz, some repeated motifs","photorealistic, realistic, portrait, faces, people, text, typography, watermark, logo, 3d render, cartoon, anime, low quality, blurry"
Gesture as a brush 2026-03-14 09-58-08,./data/star/Gesture as a brush 2026-03-14 09-58-08,star,10.955432968323448,57.83571379782487,1.6449648860841866,1.0453345611710143,9.833991130902104,16.252540666668,3.3817694233692746,23.888856887800866,57.835711492984956,299.33947092152016,0.9073314128489122,5.638769040458692,181.0,141.0,92.0,0.15015060479036194,"abstract hand-painted acrylic painting on canvas, visible brush strokes, rich paint texture, expressive abstract composition, painterly, no objects, no figures, no text, no lettering, bold saturated colors, heavy impasto thick paint, high contrast, energetic expressive strokes, fragmented brush marks, sharp broken edges, paint splatter texture, glitch-like fragmentation but painterly, mixed stroke directions, subtle curvature in brush movement, rhythmic repetition around 1.05 Hz, layered repeating brush patterns","photorealistic, realistic, portrait, faces, people, text, typography, watermark, logo, 3d render, cartoon, anime, low quality, blurry"
Gesture as a brush 2026-03-14 09-58-39,./data/star/Gesture as a brush 2026-03-14 09-58-39,star,11.788422215858922,95.28625944300528,2.1087709906949437,1.7259786915602164,8.44186982051164,20.268166123332,4.326786498880634,31.61442214627358,95.2862584159942,533.9168714011704,1.438186835048795,9.279069819930944,224.0,144.0,124.0,0.1788849221636409,"abstract hand-painted acrylic painting on canvas, visible brush strokes, rich paint texture, expressive abstract composition, painterly, no objects, no figures, no text, no lettering, bold saturated colors, heavy impasto thick paint, high contrast, energetic expressive strokes, fragmented brush marks, sharp broken edges, paint splatter texture, glitch-like fragmentation but painterly, circular swirling composition, spiral brush motion, radial energy around a center, rhythmic repetition around 1.73 Hz, layered repeating brush patterns","photorealistic, realistic, portrait, faces, people, text, typography, watermark, logo, 3d render, cartoon, anime, low quality, blurry"
Gesture as a brush 2026-03-14 09-59-08,./data/star/Gesture as a brush 2026-03-14 09-59-08,star,17.763373196181824,164.13128070318876,2.89351081398539,1.3700331730699016,6.051661936239486,19.697549624999002,8.73064668147748,46.944988990819226,164.1312806929934,821.1893874576248,1.5974327134164423,7.739056387218074,182.0,129.0,92.0,0.16289196775106024,"abstract hand-painted acrylic painting on canvas, visible brush strokes, rich paint texture, expressive abstract composition, painterly, no objects, no figures, no text, no lettering, bold saturated colors, heavy impasto thick paint, high contrast, energetic expressive strokes, fragmented brush marks, sharp broken edges, paint splatter texture, glitch-like fragmentation but painterly, circular swirling composition, spiral brush motion, radial energy around a center, subtle rhythmic structure around 1.37 Hz, some repeated motifs","photorealistic, realistic, portrait, faces, people, text, typography, watermark, logo, 3d render, cartoon, anime, low quality, blurry"
Gesture as a brush 2026-03-14 09-59-40,./data/star/Gesture as a brush 2026-03-14 09-59-40,star,21.568760187147532,169.1091348695295,4.059792579884044,0.24074299837508184,7.839807499933243,20.759256664999,10.871022037296429,67.79341407641104,169.10913403745576,966.3120058072612,2.3891661993359343,14.043437572480372,210.0,129.0,94.0,0.1882255885118043,"abstract hand-painted acrylic painting on canvas, visible brush strokes, rich paint texture, expressive abstract composition, painterly, no objects, no figures, no text, no lettering, bold saturated colors, heavy impasto thick paint, high contrast, energetic expressive strokes, fragmented brush marks, sharp broken edges, paint splatter texture, glitch-like fragmentation but painterly, circular swirling composition, spiral brush motion, radial energy around a center, subtle rhythmic structure around 0.24 Hz, some repeated motifs","photorealistic, realistic, portrait, faces, people, text, typography, watermark, logo, 3d render, cartoon, anime, low quality, blurry"
Gesture as a brush 2026-03-14 10-00-12,./data/star/Gesture as a brush 2026-03-14 10-00-12,star,16.06431255856186,142.65726258068867,2.592914923094148,1.7487865439215868,5.438639028032668,22.291674085001002,8.58115801064153,59.97804559337219,142.65725942656704,902.9818832724447,1.8021060317051034,10.173141234373704,228.0,190.0,94.0,0.16140839600078521,"abstract hand-painted acrylic painting on canvas, visible brush strokes, rich paint texture, expressive abstract composition, painterly, no objects, no figures, no text, no lettering, bold saturated colors, heavy impasto thick paint, high contrast, energetic expressive strokes, fragmented brush marks, sharp broken edges, paint splatter texture, glitch-like fragmentation but painterly, circular swirling composition, spiral brush motion, radial energy around a center, subtle rhythmic structure around 1.75 Hz, some repeated motifs","photorealistic, realistic, portrait, faces, people, text, typography, watermark, logo, 3d render, cartoon, anime, low quality, blurry"
Gesture as a brush 2026-03-14 10-00-41,./data/star/Gesture as a brush 2026-03-14 10-00-41,star,15.505742023159666,101.68022668987805,2.94012849405106,1.1246850733809692,9.46616103648334,16.884051791666,7.089972186350361,46.97082973360143,101.68022454702252,552.2722581589899,1.4577177321300976,9.905645635822898,151.0,96.0,68.0,0.18961546564298656,"abstract hand-painted acrylic painting on canvas, visible brush strokes, rich paint texture, expressive abstract composition, painterly, no objects, no figures, no text, no lettering, bold saturated colors, heavy impasto thick paint, high contrast, energetic expressive strokes, fragmented brush marks, sharp broken edges, paint splatter texture, glitch-like fragmentation but painterly, circular swirling composition, spiral brush motion, radial energy around a center, rhythmic repetition around 1.12 Hz, layered repeating brush patterns","photorealistic, realistic, portrait, faces, people, text, typography, watermark, logo, 3d render, cartoon, anime, low quality, blurry"
Gesture as a brush 2026-03-14 10-01-15,./data/star/Gesture as a brush 2026-03-14 10-01-15,star,12.292029479310042,76.27259527921612,2.185158871512231,1.1415429928914664,11.944267892324543,20.138762123333002,4.694957581438347,31.01228337122244,76.27259418926262,645.1627785013206,1.258442155456111,6.624263704671003,240.0,161.0,68.0,0.17777038974829362,"abstract hand-painted acrylic painting on canvas, visible brush strokes, rich paint texture, expressive abstract composition, painterly, no objects, no figures, no text, no lettering, bold saturated colors, heavy impasto thick paint, high contrast, energetic expressive strokes, fragmented brush marks, sharp broken edges, paint splatter texture, glitch-like fragmentation but painterly, circular swirling composition, spiral brush motion, radial energy around a center, rhythmic repetition around 1.14 Hz, layered repeating brush patterns","photorealistic, realistic, portrait, faces, people, text, typography, watermark, logo, 3d render, cartoon, anime, low quality, blurry"
Gesture as a brush 2026-03-14 10-01-45,./data/star/Gesture as a brush 2026-03-14 10-01-45,star,11.997594371532987,114.92825463670172,2.331932858622107,1.0719456038382458,5.69136343952984,17.715251711667,4.502109486513921,27.9603519190835,114.92825452015774,736.3435386320889,1.5198958439253085,7.890710403001739,199.0,109.0,120.0,0.19436670270840126,"abstract hand-painted acrylic painting on canvas, visible brush strokes, rich paint texture, expressive abstract composition, painterly, no objects, no figures, no text, no lettering, bold saturated colors, heavy impasto thick paint, high contrast, energetic expressive strokes, fragmented brush marks, sharp broken edges, paint splatter texture, glitch-like fragmentation but painterly, circular swirling composition, spiral brush motion, radial energy around a center, subtle rhythmic structure around 1.07 Hz, some repeated motifs","photorealistic, realistic, portrait, faces, people, text, typography, watermark, logo, 3d render, cartoon, anime, low quality, blurry"
Gesture as a brush 2026-03-14 10-02-32,./data/star/Gesture as a brush 2026-03-14 10-02-32,star,16.97112828658255,130.6467644772813,3.730884395443105,1.7435215316627488,6.295258573268511,22.932520163333,7.661608283933115,49.053594652430526,130.64676322517113,765.603785732671,1.908117819197764,9.797798215647852,185.0,126.0,88.0,0.21983714531065807,"abstract hand-painted acrylic painting on canvas, visible brush strokes, rich paint texture, expressive abstract composition, painterly, no objects, no figures, no text, no lettering, bold saturated colors, heavy impasto thick paint, high contrast, energetic expressive strokes, fragmented brush marks, sharp broken edges, paint splatter texture, glitch-like fragmentation but painterly, circular swirling composition, spiral brush motion, radial energy around a center, subtle rhythmic structure around 1.74 Hz, some repeated motifs","photorealistic, realistic, portrait, faces, people, text, typography, watermark, logo, 3d render, cartoon, anime, low quality, blurry"
Gesture as a brush 2026-03-14 10-03-01,./data/star/Gesture as a brush 2026-03-14 10-03-01,star,15.167743785954697,118.72280156328297,2.5810467504531043,1.6420373231434633,9.735371596528646,16.433354373333,7.123248638765951,43.54033847982458,118.72280018452084,591.7046126387802,1.2792864256581744,8.618217362624106,168.0,106.0,72.0,0.17016682155937932,"abstract hand-painted acrylic painting on canvas, visible brush strokes, rich paint texture, expressive abstract composition, painterly, no objects, no figures, no text, no lettering, bold saturated colors, heavy impasto thick paint, high contrast, energetic expressive strokes, fragmented brush marks, sharp broken edges, paint splatter texture, glitch-like fragmentation but painterly, circular swirling composition, spiral brush motion, radial energy around a center, rhythmic repetition around 1.64 Hz, layered repeating brush patterns","photorealistic, realistic, portrait, faces, people, text, typography, watermark, logo, 3d render, cartoon, anime, low quality, blurry"
Gesture as a brush 2026-03-14 10-03-27,./data/star/Gesture as a brush 2026-03-14 10-03-27,star,22.99643566401335,177.6517718120546,3.794935001012417,0.22406924994611205,9.4092314318076,13.379255163333,10.616775450825804,59.21460693978194,177.651771272538,928.3871217686944,1.9736288884361988,9.54187876827151,135.0,119.0,58.0,0.16502274771155123,"abstract hand-painted acrylic painting on canvas, visible brush strokes, rich paint texture, expressive abstract composition, painterly, no objects, no figures, no text, no lettering, bold saturated colors, heavy impasto thick paint, high contrast, energetic expressive strokes, fragmented brush marks, sharp broken edges, paint splatter texture, glitch-like fragmentation but painterly, circular swirling composition, spiral brush motion, radial energy around a center, rhythmic repetition around 0.22 Hz, layered repeating brush patterns","photorealistic, realistic, portrait, faces, people, text, typography, watermark, logo, 3d render, cartoon, anime, low quality, blurry"
Gesture as a brush 2026-03-14 10-03-57,./data/star/Gesture as a brush 2026-03-14 10-03-57,star,16.157533426131582,108.05276486871362,2.999010169120985,1.1451964598161,10.938467457961636,18.326644746667,6.931259240817593,38.70446925049895,108.05276218308616,569.7401759926917,1.3717286343503878,7.502473477240589,160.0,128.0,78.0,0.18561064302581448,"abstract hand-painted acrylic painting on canvas, visible brush strokes, rich paint texture, expressive abstract composition, painterly, no objects, no figures, no text, no lettering, bold saturated colors, heavy impasto thick paint, high contrast, energetic expressive strokes, fragmented brush marks, sharp broken edges, paint splatter texture, glitch-like fragmentation but painterly, circular swirling composition, spiral brush motion, radial energy around a center, rhythmic repetition around 1.15 Hz, layered repeating brush patterns","photorealistic, realistic, portrait, faces, people, text, typography, watermark, logo, 3d render, cartoon, anime, low quality, blurry"
Gesture as a brush 2026-03-14 10-04-31,./data/star/Gesture as a brush 2026-03-14 10-04-31,star,14.902861188503019,177.12479560361976,2.5633839262578277,2.191369434398192,5.04354113656788,20.98047062,6.920580561953013,45.0126528557483,177.12479545378685,1508.2232567420272,1.454785379262382,14.390807698086732,180.0,93.0,142.0,0.17200616000257543,"abstract hand-painted acrylic painting on canvas, visible brush strokes, rich paint texture, expressive abstract composition, painterly, no objects, no figures, no text, no lettering, bold saturated colors, heavy impasto thick paint, high contrast, energetic expressive strokes, fragmented brush marks, sharp broken edges, paint splatter texture, glitch-like fragmentation but painterly, circular swirling composition, spiral brush motion, radial energy around a center, subtle rhythmic structure around 2.19 Hz, some repeated motifs","photorealistic, realistic, portrait, faces, people, text, typography, watermark, logo, 3d render, cartoon, anime, low quality, blurry"
1 Gesture as a brush 2026-03-14 10-07-19,./data/test/1 Gesture as a brush 2026-03-14 10-07-19,test,13.926365763380856,188.05666452625073,5.313650204167523,1.9776271045659908,6.015917093084524,13.497809044999999,5.596281607435542,35.18106144035932,188.05666237367086,1703.1951428311904,2.8528919582646695,14.459384266842733,120.0,85.0,58.0,0.38155325618102914,"abstract hand-painted acrylic painting on canvas, visible brush strokes, rich paint texture, expressive abstract composition, painterly, no objects, no figures, no text, no lettering, bold saturated colors, heavy impasto thick paint, high contrast, energetic expressive strokes, fragmented brush marks, sharp broken edges, paint splatter texture, glitch-like fragmentation but painterly, circular swirling composition, spiral brush motion, radial energy around a center, subtle rhythmic structure around 1.98 Hz, some repeated motifs","photorealistic, realistic, portrait, faces, people, text, typography, watermark, logo, 3d render, cartoon, anime, low quality, blurry"
10 Gesture as a brush 2026-03-14 10-13-37,./data/test/10 Gesture as a brush 2026-03-14 10-13-37,test,15.831255073188357,490.451842028228,6.633363859251633,2.885844643439498,3.902254380940214,13.900432505,6.859976686204372,102.75994709680835,490.4518415350139,8184.231877786783,2.997750124145435,16.21589357948659,127.0,94.0,62.0,0.41900429423734203,"abstract hand-painted acrylic painting on canvas, visible brush strokes, rich paint texture, expressive abstract composition, painterly, no objects, no figures, no text, no lettering, bold saturated colors, heavy impasto thick paint, high contrast, energetic expressive strokes, fragmented brush marks, sharp broken edges, paint splatter texture, glitch-like fragmentation but painterly, circular swirling composition, spiral brush motion, radial energy around a center, non-periodic gesture, irregular paint distribution","photorealistic, realistic, portrait, faces, people, text, typography, watermark, logo, 3d render, cartoon, anime, low quality, blurry"
11 Gesture as a brush 2026-03-14 10-14-09,./data/test/11 Gesture as a brush 2026-03-14 10-14-09,test,13.78324396531954,235.2602199868592,5.640501337795574,2.720278556524189,5.056507857429955,15.532978126665,5.453913648525954,37.267599664345575,235.26021169396333,2076.3814552896824,3.3659527970148737,14.282674302824008,153.0,96.0,84.0,0.40922886887720994,"abstract hand-painted acrylic painting on canvas, visible brush strokes, rich paint texture, expressive abstract composition, painterly, no objects, no figures, no text, no lettering, bold saturated colors, heavy impasto thick paint, high contrast, energetic expressive strokes, fragmented brush marks, sharp broken edges, paint splatter texture, glitch-like fragmentation but painterly, circular swirling composition, spiral brush motion, radial energy around a center, subtle rhythmic structure around 2.72 Hz, some repeated motifs","photorealistic, realistic, portrait, faces, people, text, typography, watermark, logo, 3d render, cartoon, anime, low quality, blurry"
12 Gesture as a brush 2026-03-14 10-14-44,./data/test/12 Gesture as a brush 2026-03-14 10-14-44,test,18.481683888322245,345.3884558319847,8.077615679916871,0.587354262723562,4.304828391594298,16.8348706249997,6.430031596332452,39.65272009542308,345.38842898349407,2770.340050341944,3.9508628112596034,20.01940065293276,125.0,83.0,94.0,0.437060590814655,"abstract hand-painted acrylic painting on canvas, visible brush strokes, rich paint texture, expressive abstract composition, painterly, no objects, no figures, no text, no lettering, bold saturated colors, heavy impasto thick paint, high contrast, energetic expressive strokes, fragmented brush marks, sharp broken edges, paint splatter texture, glitch-like fragmentation but painterly, circular swirling composition, spiral brush motion, radial energy around a center, subtle rhythmic structure around 0.59 Hz, some repeated motifs","photorealistic, realistic, portrait, faces, people, text, typography, watermark, logo, 3d render, cartoon, anime, low quality, blurry"
13 Gesture as a brush 2026-03-14 10-15-18,./data/test/13 Gesture as a brush 2026-03-14 10-15-18,test,15.75310230825951,386.13885575162857,4.64890629299708,4.105442423736047,2.4948418655495352,17.5658793716672,6.182397385101351,37.972245706453414,386.1388501345849,2198.8762091835956,2.2364330115729913,11.695122268408948,176.0,154.0,196.0,0.29511052500842966,"abstract hand-painted acrylic painting on canvas, visible brush strokes, rich paint texture, expressive abstract composition, painterly, no objects, no figures, no text, no lettering, bold saturated colors, heavy impasto thick paint, high contrast, energetic expressive strokes, fragmented brush marks, sharp broken edges, paint splatter texture, glitch-like fragmentation but painterly, circular swirling composition, spiral brush motion, radial energy around a center, non-periodic gesture, irregular paint distribution","photorealistic, realistic, portrait, faces, people, text, typography, watermark, logo, 3d render, cartoon, anime, low quality, blurry"
14 Gesture as a brush 2026-03-14 10-15-53,./data/test/14 Gesture as a brush 2026-03-14 10-15-53,test,21.340650422259117,344.2096152493379,7.819796526599759,1.8533684392204999,5.440340981033896,12.93915937,10.092055789537232,81.95371949803459,344.209614237493,3092.3854083185724,3.8606792304978867,18.84605722879947,143.0,89.0,84.0,0.36642728180753964,"abstract hand-painted acrylic painting on canvas, visible brush strokes, rich paint texture, expressive abstract composition, painterly, no objects, no figures, no text, no lettering, bold saturated colors, heavy impasto thick paint, high contrast, energetic expressive strokes, fragmented brush marks, sharp broken edges, paint splatter texture, glitch-like fragmentation but painterly, circular swirling composition, spiral brush motion, radial energy around a center, subtle rhythmic structure around 1.85 Hz, some repeated motifs","photorealistic, realistic, portrait, faces, people, text, typography, watermark, logo, 3d render, cartoon, anime, low quality, blurry"
15 Gesture as a brush 2026-03-14 10-17-03,./data/test/15 Gesture as a brush 2026-03-14 10-17-03,test,15.616620126073231,307.9394227815541,6.874172106577764,0.6854706498604575,3.2952048285019564,12.818824786667,6.389051184270168,61.36657950359515,307.9394108182809,3338.204852109936,3.8058285801461764,17.49679732007277,116.0,41.0,52.0,0.4401830902360611,"abstract hand-painted acrylic painting on canvas, visible brush strokes, rich paint texture, expressive abstract composition, painterly, no objects, no figures, no text, no lettering, bold saturated colors, heavy impasto thick paint, high contrast, energetic expressive strokes, fragmented brush marks, sharp broken edges, paint splatter texture, glitch-like fragmentation but painterly, circular swirling composition, spiral brush motion, radial energy around a center, non-periodic gesture, irregular paint distribution","photorealistic, realistic, portrait, faces, people, text, typography, watermark, logo, 3d render, cartoon, anime, low quality, blurry"
2 Gesture as a brush 2026-03-14 10-08-58,./data/test/2 Gesture as a brush 2026-03-14 10-08-58,test,17.740887820325927,188.06072413943124,3.778233210276389,1.832297169284109,3.66747414387123,11.996355746668002,8.011579067755788,46.35671096479508,188.0607234537131,975.6118609008363,2.0853750842289007,11.441580293230967,111.0,89.0,76.0,0.21296753850924297,"abstract hand-painted acrylic painting on canvas, visible brush strokes, rich paint texture, expressive abstract composition, painterly, no objects, no figures, no text, no lettering, bold saturated colors, heavy impasto thick paint, high contrast, energetic expressive strokes, fragmented brush marks, sharp broken edges, paint splatter texture, glitch-like fragmentation but painterly, circular swirling composition, spiral brush motion, radial energy around a center, non-periodic gesture, irregular paint distribution","photorealistic, realistic, portrait, faces, people, text, typography, watermark, logo, 3d render, cartoon, anime, low quality, blurry"
3 Gesture as a brush 2026-03-14 10-09-51,./data/test/3 Gesture as a brush 2026-03-14 10-09-51,test,16.343555370093764,188.78141100326735,4.038265399204386,0.27484457539261636,3.539218826925316,15.762013621667,4.94793143701608,39.487081478743875,188.78140849961653,1498.5712357826221,1.9987796248935303,11.694566049955164,117.0,70.0,80.0,0.24708610259593303,"abstract hand-painted acrylic painting on canvas, visible brush strokes, rich paint texture, expressive abstract composition, painterly, no objects, no figures, no text, no lettering, bold saturated colors, heavy impasto thick paint, high contrast, energetic expressive strokes, fragmented brush marks, sharp broken edges, paint splatter texture, glitch-like fragmentation but painterly, circular swirling composition, spiral brush motion, radial energy around a center, non-periodic gesture, irregular paint distribution","photorealistic, realistic, portrait, faces, people, text, typography, watermark, logo, 3d render, cartoon, anime, low quality, blurry"
4 Gesture as a brush 2026-03-14 10-10-26,./data/test/4 Gesture as a brush 2026-03-14 10-10-26,test,16.90301063998232,216.4801291985337,7.581929917773847,1.7652054800047667,3.5486371481708248,18.4661483716657,6.362428522909919,38.840614086344445,216.4801011221514,1763.1396583832768,3.6835161345884915,20.950503835729005,161.0,106.0,68.0,0.4485549987995051,"abstract hand-painted acrylic painting on canvas, visible brush strokes, rich paint texture, expressive abstract composition, painterly, no objects, no figures, no text, no lettering, bold saturated colors, heavy impasto thick paint, high contrast, energetic expressive strokes, fragmented brush marks, sharp broken edges, paint splatter texture, glitch-like fragmentation but painterly, circular swirling composition, spiral brush motion, radial energy around a center, non-periodic gesture, irregular paint distribution","photorealistic, realistic, portrait, faces, people, text, typography, watermark, logo, 3d render, cartoon, anime, low quality, blurry"
5 Gesture as a brush 2026-03-14 10-10-55,./data/test/5 Gesture as a brush 2026-03-14 10-10-55,test,14.724098052078189,250.4389410553239,5.9702820419626255,1.9827836696495007,5.327191525640876,14.530824086666,6.618943064722736,46.160923688860265,250.43893861802601,2712.1049876763846,2.7298660357244193,14.4781012301828,131.0,66.0,52.0,0.40547692771677046,"abstract hand-painted acrylic painting on canvas, visible brush strokes, rich paint texture, expressive abstract composition, painterly, no objects, no figures, no text, no lettering, bold saturated colors, heavy impasto thick paint, high contrast, energetic expressive strokes, fragmented brush marks, sharp broken edges, paint splatter texture, glitch-like fragmentation but painterly, circular swirling composition, spiral brush motion, radial energy around a center, subtle rhythmic structure around 1.98 Hz, some repeated motifs","photorealistic, realistic, portrait, faces, people, text, typography, watermark, logo, 3d render, cartoon, anime, low quality, blurry"
6 Gesture as a brush 2026-03-14 10-11-30,./data/test/6 Gesture as a brush 2026-03-14 10-11-30,test,17.2877703815821,281.51369397581954,8.103949320636612,1.8839665030757222,4.812646386120618,17.024647744998997,6.5854155567933494,52.13088355629777,281.51369393711536,3258.1635721430066,3.978533503111071,19.56884022190411,150.0,70.0,70.0,0.46876775554594147,"abstract hand-painted acrylic painting on canvas, visible brush strokes, rich paint texture, expressive abstract composition, painterly, no objects, no figures, no text, no lettering, bold saturated colors, heavy impasto thick paint, high contrast, energetic expressive strokes, fragmented brush marks, sharp broken edges, paint splatter texture, glitch-like fragmentation but painterly, circular swirling composition, spiral brush motion, radial energy around a center, subtle rhythmic structure around 1.88 Hz, some repeated motifs","photorealistic, realistic, portrait, faces, people, text, typography, watermark, logo, 3d render, cartoon, anime, low quality, blurry"
7 Gesture as a brush 2026-03-14 10-11-57,./data/test/7 Gesture as a brush 2026-03-14 10-11-57,test,22.039602691122948,345.217078942259,7.749689445923144,0.5181257024767183,4.009119486492604,13.499581628332999,12.51817098795456,113.30250125915103,345.21706997288555,2950.2941792802303,3.7742262562892095,24.562966618315034,133.0,98.0,66.0,0.3516256419945772,"abstract hand-painted acrylic painting on canvas, visible brush strokes, rich paint texture, expressive abstract composition, painterly, no objects, no figures, no text, no lettering, bold saturated colors, heavy impasto thick paint, high contrast, energetic expressive strokes, fragmented brush marks, sharp broken edges, paint splatter texture, glitch-like fragmentation but painterly, circular swirling composition, spiral brush motion, radial energy around a center, subtle rhythmic structure around 0.52 Hz, some repeated motifs","photorealistic, realistic, portrait, faces, people, text, typography, watermark, logo, 3d render, cartoon, anime, low quality, blurry"
8 Gesture as a brush 2026-03-14 10-12-30,./data/test/8 Gesture as a brush 2026-03-14 10-12-30,test,14.663332567794214,190.95270534917475,4.35860393320042,2.387722763680752,5.223891618268037,17.225257623332002,5.744937615952146,40.05950710884073,190.9527026716528,1904.7715493036976,2.349258173539052,11.189650807984266,135.0,45.0,94.0,0.2972451121020188,"abstract hand-painted acrylic painting on canvas, visible brush strokes, rich paint texture, expressive abstract composition, painterly, no objects, no figures, no text, no lettering, bold saturated colors, heavy impasto thick paint, high contrast, energetic expressive strokes, fragmented brush marks, sharp broken edges, paint splatter texture, glitch-like fragmentation but painterly, circular swirling composition, spiral brush motion, radial energy around a center, subtle rhythmic structure around 2.39 Hz, some repeated motifs","photorealistic, realistic, portrait, faces, people, text, typography, watermark, logo, 3d render, cartoon, anime, low quality, blurry"
9 Gesture as a brush 2026-03-14 10-13-05,./data/test/9 Gesture as a brush 2026-03-14 10-13-05,test,16.244060670180357,298.86862334919766,5.303562877803271,1.1982026959561591,3.57033491940453,17.235264254999997,6.3162705798590535,46.72027560721548,298.868623339088,2492.6167165366924,3.1850287965790955,19.659437970065678,154.0,108.0,104.0,0.32649243222864016,"abstract hand-painted acrylic painting on canvas, visible brush strokes, rich paint texture, expressive abstract composition, painterly, no objects, no figures, no text, no lettering, bold saturated colors, heavy impasto thick paint, high contrast, energetic expressive strokes, fragmented brush marks, sharp broken edges, paint splatter texture, glitch-like fragmentation but painterly, circular swirling composition, spiral brush motion, radial energy around a center, non-periodic gesture, irregular paint distribution","photorealistic, realistic, portrait, faces, people, text, typography, watermark, logo, 3d render, cartoon, anime, low quality, blurry"
Gesture as a brush 2026-03-14 09-40-26,./data/waves/Gesture as a brush 2026-03-14 09-40-26,waves,13.341094707407661,262.5648021381731,4.310791694692023,1.6528481147645009,5.480693594337594,19.155392123333,6.115668997081472,42.48787514795731,262.5648005323727,2357.9181728661424,2.318628867012643,9.984904848945765,193.0,169.0,122.0,0.3231212871890737,"abstract hand-painted acrylic painting on canvas, visible brush strokes, rich paint texture, expressive abstract composition, painterly, no objects, no figures, no text, no lettering, bold saturated colors, heavy impasto thick paint, high contrast, energetic expressive strokes, fragmented brush marks, sharp broken edges, paint splatter texture, glitch-like fragmentation but painterly, circular swirling composition, spiral brush motion, radial energy around a center, subtle rhythmic structure around 1.65 Hz, some repeated motifs","photorealistic, realistic, portrait, faces, people, text, typography, watermark, logo, 3d render, cartoon, anime, low quality, blurry"
Gesture as a brush 2026-03-14 09-42-35,./data/waves/Gesture as a brush 2026-03-14 09-42-35,waves,21.971089446541228,208.46443616776074,5.761912174498138,1.1415803124581805,9.297595895831119,13.129252253334,11.660721781420973,65.64234973898432,208.46443604975647,934.9019802425493,2.9734349292516384,16.17308953229882,136.0,114.0,58.0,0.2622497254064454,"abstract hand-painted acrylic painting on canvas, visible brush strokes, rich paint texture, expressive abstract composition, painterly, no objects, no figures, no text, no lettering, bold saturated colors, heavy impasto thick paint, high contrast, energetic expressive strokes, fragmented brush marks, sharp broken edges, paint splatter texture, glitch-like fragmentation but painterly, circular swirling composition, spiral brush motion, radial energy around a center, rhythmic repetition around 1.14 Hz, layered repeating brush patterns","photorealistic, realistic, portrait, faces, people, text, typography, watermark, logo, 3d render, cartoon, anime, low quality, blurry"
Gesture as a brush 2026-03-14 09-43-07,./data/waves/Gesture as a brush 2026-03-14 09-43-07,waves,28.294970252882486,322.8768337912347,6.746241975752967,2.636395253541602,6.274151653578137,18.576310955,14.41576134918471,72.45076693805055,322.8768325998614,1346.6468590113907,2.8949048781974462,16.396960981821064,178.0,152.0,126.0,0.23842548393657645,"abstract hand-painted acrylic painting on canvas, visible brush strokes, rich paint texture, expressive abstract composition, painterly, no objects, no figures, no text, no lettering, bold saturated colors, heavy impasto thick paint, high contrast, energetic expressive strokes, fragmented brush marks, sharp broken edges, paint splatter texture, glitch-like fragmentation but painterly, circular swirling composition, spiral brush motion, radial energy around a center, subtle rhythmic structure around 2.64 Hz, some repeated motifs","photorealistic, realistic, portrait, faces, people, text, typography, watermark, logo, 3d render, cartoon, anime, low quality, blurry"
Gesture as a brush 2026-03-14 09-43-38,./data/waves/Gesture as a brush 2026-03-14 09-43-38,waves,13.85346564605277,179.48999865580384,4.778686199820017,1.002900100547902,7.371125342160986,16.503048253333,6.3507391700366105,33.40755190269842,179.48999813138542,1399.6528098650097,2.2425464869775444,11.465866842229843,157.0,141.0,86.0,0.3449451798970353,"abstract hand-painted acrylic painting on canvas, visible brush strokes, rich paint texture, expressive abstract composition, painterly, no objects, no figures, no text, no lettering, bold saturated colors, heavy impasto thick paint, high contrast, energetic expressive strokes, fragmented brush marks, sharp broken edges, paint splatter texture, glitch-like fragmentation but painterly, circular swirling composition, spiral brush motion, radial energy around a center, subtle rhythmic structure around 1.00 Hz, some repeated motifs","photorealistic, realistic, portrait, faces, people, text, typography, watermark, logo, 3d render, cartoon, anime, low quality, blurry"
Gesture as a brush 2026-03-14 09-44-11,./data/waves/Gesture as a brush 2026-03-14 09-44-11,waves,17.997522056196612,568.6459634953399,6.296299269412499,0.6407161962253782,3.4285072454033716,22.42088953833399,7.4922143799224195,76.54923827752802,568.6459600108352,5385.217761553565,2.9621126574453074,14.798847554303624,157.0,133.0,136.0,0.3498425644042935,"abstract hand-painted acrylic painting on canvas, visible brush strokes, rich paint texture, expressive abstract composition, painterly, no objects, no figures, no text, no lettering, bold saturated colors, heavy impasto thick paint, high contrast, energetic expressive strokes, fragmented brush marks, sharp broken edges, paint splatter texture, glitch-like fragmentation but painterly, circular swirling composition, spiral brush motion, radial energy around a center, non-periodic gesture, irregular paint distribution","photorealistic, realistic, portrait, faces, people, text, typography, watermark, logo, 3d render, cartoon, anime, low quality, blurry"
Gesture as a brush 2026-03-14 09-45-44,./data/waves/Gesture as a brush 2026-03-14 09-45-44,waves,14.904959905526328,231.49931673566053,5.916683476982776,1.6567712140109172,4.146435374422241,18.884957375,6.9849469319826385,50.90882037857447,231.49931589187457,1566.3445134193853,2.7031356909298907,14.717173772155828,187.0,96.0,116.0,0.39696071066867344,"abstract hand-painted acrylic painting on canvas, visible brush strokes, rich paint texture, expressive abstract composition, painterly, no objects, no figures, no text, no lettering, bold saturated colors, heavy impasto thick paint, high contrast, energetic expressive strokes, fragmented brush marks, sharp broken edges, paint splatter texture, glitch-like fragmentation but painterly, circular swirling composition, spiral brush motion, radial energy around a center, subtle rhythmic structure around 1.66 Hz, some repeated motifs","photorealistic, realistic, portrait, faces, people, text, typography, watermark, logo, 3d render, cartoon, anime, low quality, blurry"
Gesture as a brush 2026-03-14 09-46-24,./data/waves/Gesture as a brush 2026-03-14 09-46-24,waves,12.48356447328362,203.96598378027562,3.510034079633892,0.350773297272477,3.778136381703739,22.4898832466663,5.872121285781546,30.16712322946427,203.96598197196198,1204.112189456262,1.6497479601428224,8.953342851167331,192.0,203.0,174.0,0.2811724236987464,"abstract hand-painted acrylic painting on canvas, visible brush strokes, rich paint texture, expressive abstract composition, painterly, no objects, no figures, no text, no lettering, bold saturated colors, heavy impasto thick paint, high contrast, energetic expressive strokes, fragmented brush marks, sharp broken edges, paint splatter texture, glitch-like fragmentation but painterly, circular swirling composition, spiral brush motion, radial energy around a center, non-periodic gesture, irregular paint distribution","photorealistic, realistic, portrait, faces, people, text, typography, watermark, logo, 3d render, cartoon, anime, low quality, blurry"
Gesture as a brush 2026-03-14 09-46-55,./data/waves/Gesture as a brush 2026-03-14 09-46-55,waves,12.434927986982562,156.21035576644314,4.78480036092868,1.2039143633823113,10.93925175137144,21.238315211667,6.231969410292882,31.30613353189789,156.21035358038105,1406.435479700284,2.3165843766868948,15.708045669396741,210.0,174.0,104.0,0.3847871387395919,"abstract hand-painted acrylic painting on canvas, visible brush strokes, rich paint texture, expressive abstract composition, painterly, no objects, no figures, no text, no lettering, bold saturated colors, heavy impasto thick paint, high contrast, energetic expressive strokes, fragmented brush marks, sharp broken edges, paint splatter texture, glitch-like fragmentation but painterly, circular swirling composition, spiral brush motion, radial energy around a center, rhythmic repetition around 1.20 Hz, layered repeating brush patterns","photorealistic, realistic, portrait, faces, people, text, typography, watermark, logo, 3d render, cartoon, anime, low quality, blurry"
Gesture as a brush 2026-03-14 09-47-30,./data/waves/Gesture as a brush 2026-03-14 09-47-30,waves,12.919292124091035,109.26828499974742,5.005600673349838,0.8736592129520228,19.26675801898673,21.188499041667,6.2810060013206375,32.12994164245137,109.26828200032534,932.1738776501497,2.19869461972415,16.026039710082237,217.0,162.0,52.0,0.3874516207918448,"abstract hand-painted acrylic painting on canvas, visible brush strokes, rich paint texture, expressive abstract composition, painterly, no objects, no figures, no text, no lettering, bold saturated colors, heavy impasto thick paint, high contrast, energetic expressive strokes, fragmented brush marks, sharp broken edges, paint splatter texture, glitch-like fragmentation but painterly, circular swirling composition, spiral brush motion, radial energy around a center, rhythmic repetition around 0.87 Hz, layered repeating brush patterns","photorealistic, realistic, portrait, faces, people, text, typography, watermark, logo, 3d render, cartoon, anime, low quality, blurry"
Gesture as a brush 2026-03-14 09-48-08,./data/waves/Gesture as a brush 2026-03-14 09-48-08,waves,12.377225843778163,163.85387619011382,5.364101036323814,1.235507242646327,8.647326204068952,23.791892003333,6.062962228928521,41.120418997551184,163.8538751837637,1559.832766326731,2.6933596897839496,15.136640148376209,193.0,97.0,92.0,0.43338475871690413,"abstract hand-painted acrylic painting on canvas, visible brush strokes, rich paint texture, expressive abstract composition, painterly, no objects, no figures, no text, no lettering, bold saturated colors, heavy impasto thick paint, high contrast, energetic expressive strokes, fragmented brush marks, sharp broken edges, paint splatter texture, glitch-like fragmentation but painterly, circular swirling composition, spiral brush motion, radial energy around a center, rhythmic repetition around 1.24 Hz, layered repeating brush patterns","photorealistic, realistic, portrait, faces, people, text, typography, watermark, logo, 3d render, cartoon, anime, low quality, blurry"
Gesture as a brush 2026-03-14 09-48-42,./data/waves/Gesture as a brush 2026-03-14 09-48-42,waves,13.447901014662683,143.22390152530875,5.911630212913348,1.8381012659002103,6.410463003645701,23.481467748333,6.04658146577642,35.57319628282307,143.22390147367176,1032.7930946001152,2.6900817340234564,14.53762780583323,214.0,87.0,100.0,0.43959501233895987,"abstract hand-painted acrylic painting on canvas, visible brush strokes, rich paint texture, expressive abstract composition, painterly, no objects, no figures, no text, no lettering, bold saturated colors, heavy impasto thick paint, high contrast, energetic expressive strokes, fragmented brush marks, sharp broken edges, paint splatter texture, glitch-like fragmentation but painterly, circular swirling composition, spiral brush motion, radial energy around a center, subtle rhythmic structure around 1.84 Hz, some repeated motifs","photorealistic, realistic, portrait, faces, people, text, typography, watermark, logo, 3d render, cartoon, anime, low quality, blurry"
Gesture as a brush 2026-03-14 09-49-12,./data/waves/Gesture as a brush 2026-03-14 09-49-12,waves,13.935008883436623,156.42089801122552,6.0973814408508575,1.6059404238498112,7.506290092804404,16.422167245,6.198935272535589,33.323311892920835,156.42089789409383,991.3539031675487,2.5949245157494283,13.551979861678229,149.0,118.0,62.0,0.4375584896584275,"abstract hand-painted acrylic painting on canvas, visible brush strokes, rich paint texture, expressive abstract composition, painterly, no objects, no figures, no text, no lettering, bold saturated colors, heavy impasto thick paint, high contrast, energetic expressive strokes, fragmented brush marks, sharp broken edges, paint splatter texture, glitch-like fragmentation but painterly, circular swirling composition, spiral brush motion, radial energy around a center, subtle rhythmic structure around 1.61 Hz, some repeated motifs","photorealistic, realistic, portrait, faces, people, text, typography, watermark, logo, 3d render, cartoon, anime, low quality, blurry"
Gesture as a brush 2026-03-14 09-49-47,./data/waves/Gesture as a brush 2026-03-14 09-49-47,waves,11.878763331563242,92.19243637133704,4.714634246859669,0.9751106551139134,28.456443572234374,23.511982371667003,5.348207272409891,31.381128225464618,92.1924351526857,1270.0828760981708,2.127349058320405,12.860874403279793,259.0,121.0,82.0,0.3968960501077959,"abstract hand-painted acrylic painting on canvas, visible brush strokes, rich paint texture, expressive abstract composition, painterly, no objects, no figures, no text, no lettering, bold saturated colors, heavy impasto thick paint, high contrast, energetic expressive strokes, fragmented brush marks, sharp broken edges, paint splatter texture, glitch-like fragmentation but painterly, circular swirling composition, spiral brush motion, radial energy around a center, rhythmic repetition around 0.98 Hz, layered repeating brush patterns","photorealistic, realistic, portrait, faces, people, text, typography, watermark, logo, 3d render, cartoon, anime, low quality, blurry"
Gesture as a brush 2026-03-14 09-50-21,./data/waves/Gesture as a brush 2026-03-14 09-50-21,waves,11.940709499147923,115.078811920232,3.0747238220755464,1.5308154684616857,7.780782154565898,19.91710638,5.478243516469327,27.462936512943937,115.07881056920907,713.2862542456032,1.7409340155167756,8.908739676521748,158.0,151.0,102.0,0.2574992568102805,"abstract hand-painted acrylic painting on canvas, visible brush strokes, rich paint texture, expressive abstract composition, painterly, no objects, no figures, no text, no lettering, bold saturated colors, heavy impasto thick paint, high contrast, energetic expressive strokes, fragmented brush marks, sharp broken edges, paint splatter texture, glitch-like fragmentation but painterly, circular swirling composition, spiral brush motion, radial energy around a center, subtle rhythmic structure around 1.53 Hz, some repeated motifs","photorealistic, realistic, portrait, faces, people, text, typography, watermark, logo, 3d render, cartoon, anime, low quality, blurry"
Gesture as a brush 2026-03-14 09-50-45,./data/waves/Gesture as a brush 2026-03-14 09-50-45,waves,12.459177853875067,100.4332910630617,4.095639920131777,0.7701300441592592,29.140099388180392,13.288195170000002,6.355540171405234,31.675772252108075,100.43329097944698,750.8302280289798,1.8099379976987673,9.95081350052621,151.0,115.0,24.0,0.32872473351275117,"abstract hand-painted acrylic painting on canvas, visible brush strokes, rich paint texture, expressive abstract composition, painterly, no objects, no figures, no text, no lettering, bold saturated colors, heavy impasto thick paint, high contrast, energetic expressive strokes, fragmented brush marks, sharp broken edges, paint splatter texture, glitch-like fragmentation but painterly, circular swirling composition, spiral brush motion, radial energy around a center, rhythmic repetition around 0.77 Hz, layered repeating brush patterns","photorealistic, realistic, portrait, faces, people, text, typography, watermark, logo, 3d render, cartoon, anime, low quality, blurry"
Gesture as a brush 2026-03-14 09-51-13,./data/waves/Gesture as a brush 2026-03-14 09-51-13,waves,14.493799410685233,158.4301424170777,5.552318729111811,1.5506241572357757,10.372830284961752,17.904713501667,5.99375050105475,40.67422268082643,158.4301363969239,1604.8877199245983,2.7259456541235543,13.033541047765043,126.0,86.0,66.0,0.38308234931383167,"abstract hand-painted acrylic painting on canvas, visible brush strokes, rich paint texture, expressive abstract composition, painterly, no objects, no figures, no text, no lettering, bold saturated colors, heavy impasto thick paint, high contrast, energetic expressive strokes, fragmented brush marks, sharp broken edges, paint splatter texture, glitch-like fragmentation but painterly, circular swirling composition, spiral brush motion, radial energy around a center, rhythmic repetition around 1.55 Hz, layered repeating brush patterns","photorealistic, realistic, portrait, faces, people, text, typography, watermark, logo, 3d render, cartoon, anime, low quality, blurry"
Gesture as a brush 2026-03-14 09-51-47,./data/waves/Gesture as a brush 2026-03-14 09-51-47,waves,12.873391202818722,101.34281796018077,4.569765439953966,0.5239712937087045,10.073735024480893,23.42237512666691,4.871937429098196,32.68920207582406,101.34281738631924,774.2126713250931,2.3499279640573927,13.243495544507347,302.0,193.0,80.0,0.35497759429530934,"abstract hand-painted acrylic painting on canvas, visible brush strokes, rich paint texture, expressive abstract composition, painterly, no objects, no figures, no text, no lettering, bold saturated colors, heavy impasto thick paint, high contrast, energetic expressive strokes, fragmented brush marks, sharp broken edges, paint splatter texture, glitch-like fragmentation but painterly, circular swirling composition, spiral brush motion, radial energy around a center, rhythmic repetition around 0.52 Hz, layered repeating brush patterns","photorealistic, realistic, portrait, faces, people, text, typography, watermark, logo, 3d render, cartoon, anime, low quality, blurry"
Gesture as a brush 2026-03-14 09-52-23,./data/waves/Gesture as a brush 2026-03-14 09-52-23,waves,19.090148772902822,634.9787724673115,6.889820380665089,0.7676632599050655,6.092395281986135,23.932944331667102,7.789046133204053,53.828924647956974,634.9787716387334,3712.2678927107213,3.3407392988257865,21.167176828129726,247.0,212.0,254.0,0.36090972691023837,"abstract hand-painted acrylic painting on canvas, visible brush strokes, rich paint texture, expressive abstract composition, painterly, no objects, no figures, no text, no lettering, bold saturated colors, heavy impasto thick paint, high contrast, energetic expressive strokes, fragmented brush marks, sharp broken edges, paint splatter texture, glitch-like fragmentation but painterly, circular swirling composition, spiral brush motion, radial energy around a center, subtle rhythmic structure around 0.77 Hz, some repeated motifs","photorealistic, realistic, portrait, faces, people, text, typography, watermark, logo, 3d render, cartoon, anime, low quality, blurry"
Gesture as a brush 2026-03-14 09-52-52,./data/waves/Gesture as a brush 2026-03-14 09-52-52,waves,20.060120717223477,857.1233899346711,6.381300135405534,0.2031743554953895,8.63577189848465,17.604156661666398,8.816397809424963,51.37627299723677,857.1233897967907,3928.2838037307024,2.9323669941223542,17.973663983023595,180.0,160.0,220.0,0.31810876041281677,"abstract hand-painted acrylic painting on canvas, visible brush strokes, rich paint texture, expressive abstract composition, painterly, no objects, no figures, no text, no lettering, bold saturated colors, heavy impasto thick paint, high contrast, energetic expressive strokes, fragmented brush marks, sharp broken edges, paint splatter texture, glitch-like fragmentation but painterly, circular swirling composition, spiral brush motion, radial energy around a center, rhythmic repetition around 0.20 Hz, layered repeating brush patterns","photorealistic, realistic, portrait, faces, people, text, typography, watermark, logo, 3d render, cartoon, anime, low quality, blurry"
Gesture as a brush 2026-03-14 09-53-23,./data/waves/Gesture as a brush 2026-03-14 09-53-23,waves,17.039702807638772,554.1942509179011,6.957917119912176,0.24237911583976687,5.360410567601605,17.504123623334,8.085310363921138,65.74274313883532,554.19424891899,3635.9135856812077,3.8632130361674117,23.32748035334568,116.0,68.0,62.0,0.4083355911808895,"abstract hand-painted acrylic painting on canvas, visible brush strokes, rich paint texture, expressive abstract composition, painterly, no objects, no figures, no text, no lettering, bold saturated colors, heavy impasto thick paint, high contrast, energetic expressive strokes, fragmented brush marks, sharp broken edges, paint splatter texture, glitch-like fragmentation but painterly, circular swirling composition, spiral brush motion, radial energy around a center, subtle rhythmic structure around 0.24 Hz, some repeated motifs","photorealistic, realistic, portrait, faces, people, text, typography, watermark, logo, 3d render, cartoon, anime, low quality, blurry"
