"Time (s)","X (rad/s)","Y (rad/s)","Z (rad/s)"
6.020958333E-3,2.019700594E-2,-8.987538517E-2,-3.570992500E-2
1.603495833E-2,-4.994666204E-2,-2.843625471E-2,-3.703298420E-2
2.604895833E-2,-1.044006571E-1,-5.054918583E-4,-4.238357767E-2
3.606295833E-2,-1.327526718E-1,8.304244839E-3,-5.109823868E-2
4.607695833E-2,-1.439535469E-1,-1.040251646E-2,-5.235229433E-2
5.609195833E-2,-1.413447261E-1,-5.189349875E-2,-5.445459113E-2
6.610595833E-2,-1.210071668E-1,-1.051691324E-1,-4.622761533E-2
7.611995833E-2,-9.393054247E-2,-1.500732303E-1,-2.890162170E-2
8.613395833E-2,-7.944373786E-2,-1.742423922E-1,-1.838830486E-2
9.614795833E-2,-8.606515825E-2,-2.205313295E-1,-8.160436526E-3
1.061619583E-1,-1.006911770E-1,-2.662964463E-1,1.491022669E-2
1.161759583E-1,-1.222798303E-1,-2.913421392E-1,4.089149460E-2
1.261899583E-1,-1.560549438E-1,-2.782160044E-1,7.173379511E-2
1.362039583E-1,-2.045787871E-1,-2.476181686E-1,1.041782871E-1
1.462189583E-1,-2.600845098E-1,-2.372815907E-1,1.436802447E-1
1.562329583E-1,-3.359691501E-1,-2.482016236E-1,1.880136281E-1
1.662469583E-1,-4.286822379E-1,-2.629682720E-1,2.347546220E-1
1.762609583E-1,-5.061538219E-1,-2.078235298E-1,2.415699363E-1
1.862749583E-1,-5.525929332E-1,-2.024835944E-1,2.556963861E-1
1.962889583E-1,-5.653241873E-1,-2.462875396E-1,3.108001053E-1
2.063029583E-1,-5.472651124E-1,-3.160096705E-1,3.768098056E-1
2.163169583E-1,-4.941736758E-1,-3.932251036E-1,4.761310518E-1
2.263319583E-1,-4.129351377E-1,-4.661552012E-1,5.452784300E-1
2.363459583E-1,-3.610199988E-1,-5.354133248E-1,6.007611156E-1
2.463599583E-1,-3.768394887E-1,-5.949760675E-1,6.288325787E-1
2.563739583E-1,-4.114981294E-1,-6.456102133E-1,6.521440148E-1
2.663879583E-1,-4.700358808E-1,-7.358744740E-1,7.063983083E-1
2.764019583E-1,-6.084414124E-1,-8.726876974E-1,7.812669873E-1
2.864159583E-1,-7.633759975E-1,-9.136635661E-1,8.450356722E-1
2.964299583E-1,-8.832795024E-1,-8.362958431E-1,8.841977119E-1
3.064449583E-1,-1.005502224E0,-7.500877976E-1,9.291321039E-1
3.164589583E-1,-1.110209465E0,-6.988092065E-1,1.011147857E0
3.264729583E-1,-1.199219108E0,-7.313462496E-1,1.115615845E0
3.364869583E-1,-1.205259085E0,-7.155488729E-1,1.208887696E0
3.465009583E-1,-1.121604323E0,-5.810958147E-1,1.245358229E0
3.565149583E-1,-9.659078717E-1,-3.914742470E-1,1.219237208E0
3.665289583E-1,-8.391700387E-1,-3.525228202E-1,1.198900223E0
3.765439583E-1,-7.484337687E-1,-5.252413154E-1,1.207670569E0
3.865579583E-1,-6.681367159E-1,-8.034319878E-1,1.239795923E0
3.965719583E-1,-5.943442583E-1,-1.084343791E0,1.287794352E0
4.065859583E-1,-5.369408131E-1,-1.299000263E0,1.360831022E0
4.165999583E-1,-5.643114448E-1,-1.468940616E0,1.493403792E0
4.266139583E-1,-7.068333626E-1,-1.640628815E0,1.679643393E0
4.366279583E-1,-8.883749247E-1,-1.765694380E0,1.843113542E0
4.466419583E-1,-9.860863090E-1,-1.572640419E0,1.907427669E0
4.566569583E-1,-1.048157096E0,-1.111348152E0,1.891281486E0
4.666709583E-1,-1.105048060E0,-6.733157635E-1,1.832037091E0
4.766849583E-1,-1.092289448E0,-5.175740719E-1,1.827257156E0
4.866989583E-1,-9.777172804E-1,-6.504755020E-1,1.923394084E0
4.967129583E-1,-7.947663665E-1,-1.003631473E0,2.079572916E0
5.067269583E-1,-5.789650679E-1,-1.523779511E0,2.269632816E0
5.167409583E-1,-3.794500530E-1,-2.030823231E0,2.491180182E0
5.267559583E-1,-1.819261163E-1,-2.465460062E0,2.691606522E0
5.367699583E-1,-1.238928363E-2,-2.875630379E0,2.934090137E0
5.467839583E-1,9.640461951E-2,-3.200580597E0,3.186628819E0
5.567979583E-1,1.756019741E-1,-3.319471836E0,3.372610569E0
5.668119583E-1,2.240278125E-1,-3.206652403E0,3.452223063E0
5.768259583E-1,2.568861544E-1,-2.846356630E0,3.404385090E0
5.868399583E-1,3.001172841E-1,-2.506246805E0,3.242197275E0
5.968549583E-1,3.361368179E-1,-2.505089283E0,3.030139685E0
6.068689583E-1,4.232197404E-1,-2.858584166E0,2.856843948E0
6.168829583E-1,5.705700517E-1,-3.373497725E0,2.790169716E0
6.268969583E-1,7.051414251E-1,-3.839266300E0,2.858723640E0
6.369109583E-1,7.591087818E-1,-4.219859600E0,3.027258635E0
6.469249583E-1,6.979301572E-1,-4.438718319E0,3.244058847E0
6.569389583E-1,5.286298394E-1,-4.535740852E0,3.402546406E0
6.669539583E-1,2.845797837E-1,-4.434133530E0,3.368034363E0
6.769679583E-1,-8.695526049E-3,-4.259150505E0,3.144529819E0
6.869819583E-1,-3.097535074E-1,-3.929242611E0,2.779141188E0
6.969959583E-1,-6.260273457E-1,-3.634716511E0,2.326381445E0
7.070099583E-1,-9.776433706E-1,-3.509944916E0,1.894972444E0
7.170239583E-1,-1.266880989E0,-3.566394806E0,1.552629232E0
7.270379583E-1,-1.439301610E0,-3.760201931E0,1.329463959E0
7.370529583E-1,-1.490298271E0,-3.902379751E0,1.127942324E0
7.470669583E-1,-1.484811544E0,-3.957370043E0,9.019545317E-1
7.570809583E-1,-1.467770576E0,-3.858956099E0,6.947286129E-1
7.670949583E-1,-1.505847812E0,-3.677520990E0,5.119702220E-1
7.771089583E-1,-1.604219079E0,-3.568787813E0,3.474409282E-1
7.871229583E-1,-1.665441394E0,-3.565889359E0,2.528899312E-1
7.971369583E-1,-1.778678536E0,-3.726672173E0,1.389520019E-1
8.071519583E-1,-1.913287997E0,-3.918200731E0,-1.471214835E-2
8.171659583E-1,-1.977799058E0,-4.073771000E0,-1.618874818E-1
8.271799583E-1,-2.032081366E0,-4.163141251E0,-3.278008401E-1
8.371939583E-1,-2.085618258E0,-4.056264877E0,-4.829667211E-1
8.472079583E-1,-2.156028748E0,-3.848663807E0,-5.946738124E-1
8.572219583E-1,-2.190512180E0,-3.618576527E0,-6.699650884E-1
8.672369583E-1,-2.204253197E0,-3.428644896E0,-7.472323179E-1
8.772509583E-1,-2.227494240E0,-3.316781521E0,-8.401446939E-1
8.872649583E-1,-2.290897846E0,-3.199133873E0,-9.837446809E-1
8.972789583E-1,-2.448640823E0,-3.071419001E0,-1.133394718E0
9.072937500E-1,-2.646365643E0,-2.951950550E0,-1.281822801E0
9.173077500E-1,-2.883290768E0,-2.918552876E0,-1.471897960E0
9.273217500E-1,-2.981047869E0,-2.925463438E0,-1.606485963E0
9.373367500E-1,-2.931633711E0,-2.843765497E0,-1.689016819E0
9.473507500E-1,-2.904548883E0,-2.765607357E0,-1.768304586E0
9.573647500E-1,-2.944219828E0,-2.712602139E0,-1.876927137E0
9.673787500E-1,-2.972098589E0,-2.735782385E0,-2.014189959E0
9.773927500E-1,-2.956775665E0,-2.992378235E0,-2.199803114E0
9.874067500E-1,-2.878505230E0,-3.637285948E0,-2.399765253E0
9.974217500E-1,-2.841681004E0,-4.065792561E0,-2.542281151E0
1.007435750E0,-2.957071781E0,-3.499637842E0,-2.592541933E0
1.017449750E0,-3.240097046E0,-2.484131813E0,-2.612370253E0
1.027463750E0,-3.515408993E0,-1.628940225E0,-2.583296299E0
1.037477750E0,-3.510447979E0,-1.226491690E0,-2.499059200E0
1.047491750E0,-3.238755941E0,-1.369697571E0,-2.477530241E0
1.057506750E0,-2.854867458E0,-1.967780352E0,-2.514870405E0
1.067520750E0,-2.466341019E0,-2.730100393E0,-2.585544586E0
1.077534750E0,-2.152887106E0,-3.446989298E0,-2.643577576E0
1.087548750E0,-1.936919689E0,-4.070428848E0,-2.633666039E0
1.097562750E0,-1.831787944E0,-4.478149414E0,-2.545875788E0
1.107576750E0,-1.871287465E0,-4.636754513E0,-2.411986351E0
1.117591750E0,-2.023643732E0,-4.580149651E0,-2.257740259E0
1.127605750E0,-2.244583368E0,-4.312110424E0,-2.099049091E0
1.137619750E0,-2.508677959E0,-3.901811838E0,-1.931246638E0
1.147633750E0,-2.718531609E0,-3.471604347E0,-1.744738102E0
1.157647750E0,-2.775014162E0,-3.041180849E0,-1.554291964E0
1.167661750E0,-2.706255436E0,-2.636181593E0,-1.366115808E0
1.177676750E0,-2.573633671E0,-2.275019407E0,-1.218117356E0
1.187690750E0,-2.280545473E0,-1.913998604E0,-1.077190518E0
1.197704750E0,-1.859667659E0,-1.568650484E0,-8.971582651E-1
1.207718750E0,-1.377875209E0,-1.265909433E0,-6.514748335E-1
1.217732750E0,-9.570771456E-1,-9.870390892E-1,-3.203799427E-1
1.227746750E0,-6.261820197E-1,-6.686054468E-1,4.776749387E-2
1.237761750E0,-3.300763071E-1,-3.556906283E-1,3.274563849E-1
1.247775750E0,7.703705691E-3,-2.696229145E-2,5.477492809E-1
1.257789750E0,3.601056933E-1,3.028092086E-1,7.527634501E-1
1.267803750E0,6.769913435E-1,6.164727807E-1,9.148454666E-1
1.277817750E0,9.125250578E-1,9.141835570E-1,1.011537194E0
1.287831750E0,1.039906263E0,1.276554942E0,1.024152040E0
1.297846750E0,1.041890383E0,1.701760530E0,1.043737411E0
1.307860750E0,9.130507112E-1,2.066561937E0,1.166376591E0
1.317874750E0,6.562935114E-1,2.321255684E0,1.395867825E0
1.327888750E0,5.207778215E-1,2.327338219E0,1.650227666E0
1.337902750E0,6.812314391E-1,2.040841341E0,1.895528793E0
1.347916750E0,1.181621552E0,1.554259181E0,2.145659685E0
1.357931750E0,1.797140479E0,9.128177166E-1,2.293211222E0
1.367945750E0,2.305896282E0,4.219611883E-1,2.335825920E0
1.377959750E0,2.446425915E0,3.224212825E-1,2.380621672E0
1.387973750E0,2.185329437E0,5.886726379E-1,2.448815823E0
1.397987750E0,1.792162061E0,1.026440859E0,2.560017109E0
1.408001750E0,1.537466645E0,1.400382042E0,2.733743668E0
1.418016750E0,1.495975494E0,1.624459863E0,2.933073044E0
1.428030750E0,1.580609918E0,1.727223039E0,3.159694672E0
1.438044750E0,1.694547415E0,1.743542671E0,3.394336224E0
1.448058750E0,1.938768387E0,1.683578372E0,3.622674704E0
1.458072750E0,2.116403341E0,1.517606497E0,3.744792223E0
1.468086750E0,2.054809809E0,1.362973332E0,3.739695549E0
1.478101750E0,1.906865120E0,1.368125677E0,3.624074459E0
1.488115750E0,1.644268513E0,1.462105989E0,3.386434317E0
1.498129750E0,1.432209849E0,1.303076982E0,3.106768847E0
1.508143750E0,1.582688928E0,8.674907684E-1,2.880556107E0
1.518157750E0,2.033818245E0,3.990446627E-1,2.749476194E0
1.528172750E0,2.507824421E0,1.974151582E-1,2.630322456E0
1.538186750E0,2.780538082E0,2.477699220E-1,2.477634192E0
1.548200750E0,2.830983400E0,4.055874944E-1,2.424041271E0
1.558214750E0,2.501303673E0,6.528130174E-1,2.163502693E0
1.568228750E0,1.801377773E0,7.763680220E-1,1.877125740E0
1.578242750E0,9.742071033E-1,8.554657698E-1,1.492513061E0
1.588257750E0,2.183960229E-1,7.558266521E-1,1.070806265E0
1.598271750E0,-1.212976202E-1,3.686400056E-1,7.401688695E-1
1.608285750E0,-2.341474034E-2,-1.361054927E-1,5.602637529E-1
1.618299750E0,1.068274155E-1,-6.290254593E-1,4.145883322E-1
1.628313750E0,2.790636569E-2,-9.270089865E-1,2.346908897E-1
1.638328750E0,-3.029676974E-1,-9.729197621E-1,9.942600876E-2
1.648342750E0,-7.702627778E-1,-8.356297016E-1,1.170789357E-2
1.658356750E0,-1.176309943E0,-5.965042114E-1,-4.000496119E-3
1.668370750E0,-1.455084562E0,-3.462066650E-1,1.090949103E-1
1.678384750E0,-1.671083450E0,-2.101207227E-1,2.997111976E-1
1.688399750E0,-1.807932734E0,-1.494897604E-1,5.139835477E-1
1.698413750E0,-1.843846083E0,-1.258291602E-1,7.452008128E-1
1.708427750E0,-1.843352199E0,-1.384838820E-1,9.608521461E-1
1.718441750E0,-1.847603321E0,-1.933569908E-1,1.128526688E0
1.728455750E0,-1.837900281E0,-3.194535375E-1,1.244173050E0
1.738469750E0,-1.774590015E0,-4.967857301E-1,1.361510396E0
1.748484750E0,-1.706357956E0,-7.289948463E-1,1.479783773E0
1.758498750E0,-1.710882425E0,-8.797500134E-1,1.531412840E0
1.768512750E0,-1.820257545E0,-8.928619027E-1,1.552442551E0
1.778526750E0,-1.986726999E0,-8.000832200E-1,1.562687993E0
1.788540750E0,-2.137898684E0,-6.955599189E-1,1.591498733E0
1.798555750E0,-2.242595434E0,-6.348773837E-1,1.654677629E0
1.808569750E0,-2.270535231E0,-6.796630025E-1,1.778057814E0
1.818583750E0,-2.231021404E0,-8.247823715E-1,1.974928498E0
1.828597750E0,-2.170186996E0,-9.938519597E-1,2.200025082E0
1.838611750E0,-2.119151831E0,-1.150378466E0,2.434522390E0
1.848626750E0,-2.119061947E0,-1.221573591E0,2.633148670E0
1.858640750E0,-2.186786652E0,-1.196769118E0,2.825896263E0
1.868654750E0,-2.307755709E0,-1.127723694E0,2.963936090E0
1.878668750E0,-2.475272894E0,-8.961411119E-1,3.026341915E0
1.888682750E0,-2.653033257E0,-5.813741088E-1,3.014544249E0
1.898697750E0,-2.775933981E0,-2.883501947E-1,2.991112471E0
1.908710833E0,-2.812268734E0,-5.561536923E-2,2.978623390E0
1.918724833E0,-2.758036613E0,1.058014855E-1,3.024361134E0
1.928738833E0,-2.658073425E0,9.073692560E-2,3.123447895E0
1.938752833E0,-2.519665241E0,-1.263293326E-1,3.231581211E0
1.948767833E0,-2.382795811E0,-4.665631950E-1,3.273021936E0
1.958781833E0,-2.263968945E0,-8.040096164E-1,3.246298075E0
1.968795833E0,-2.174597263E0,-1.083372831E0,3.170474768E0
1.978809833E0,-2.121664524E0,-1.144106507E0,3.047302961E0
1.988823833E0,-2.095709085E0,-9.868055582E-1,2.871981859E0
1.998838833E0,-2.031371117E0,-6.126040220E-1,2.703794956E0
2.008852833E0,-1.916623950E0,-9.561660141E-2,2.586627483E0
2.018866833E0,-1.774996161E0,5.351943970E-1,2.507333994E0
2.028880833E0,-1.623428106E0,1.174880385E0,2.405167580E0
2.038894833E0,-1.439641595E0,1.724704981E0,2.287690401E0
2.048909833E0,-1.199842572E0,2.003741026E0,2.191649914E0
2.058923833E0,-9.129533172E-1,1.790296197E0,2.023985863E0
2.068937833E0,-5.200141668E-1,1.086103797E0,1.681679249E0
2.078951833E0,-2.906339802E-2,1.948857754E-1,1.204211831E0
2.088965833E0,4.674511850E-1,-5.416686535E-1,6.916631460E-1
2.098980833E0,8.724265695E-1,-7.960588932E-1,2.383723855E-1
2.108994833E0,1.139229178E0,-6.369357109E-1,-1.156929806E-1
2.119008833E0,1.290419817E0,-1.886540651E-1,-3.361028433E-1
2.129022833E0,1.362109780E0,4.534640908E-1,-4.699578881E-1
2.139036833E0,1.391983509E0,1.039826751E0,-5.680211186E-1
2.149051833E0,1.453168035E0,1.368834376E0,-6.601864696E-1
2.159065833E0,1.553052068E0,1.475661039E0,-7.693043947E-1
2.169079833E0,1.582509518E0,1.453166604E0,-8.936895132E-1
2.179093833E0,1.593915820E0,1.369547367E0,-1.051745415E0
2.189107833E0,1.657408595E0,1.233258128E0,-1.191783071E0
2.199122833E0,1.832987070E0,1.030129671E0,-1.272753596E0
2.209136833E0,2.054591179E0,8.313513994E-1,-1.370948315E0
2.219150833E0,2.212761879E0,7.898782492E-1,-1.503512502E0
2.229164833E0,2.251864672E0,9.464948177E-1,-1.631296515E0
2.239178833E0,2.154659033E0,1.258209586E0,-1.694650769E0
2.249193833E0,2.020874977E0,1.609503508E0,-1.712524056E0
2.259207833E0,2.015337706E0,1.797231913E0,-1.689817667E0
2.269221833E0,2.090373516E0,1.673517346E0,-1.614134908E0
2.279235833E0,2.242015362E0,1.328411579E0,-1.587607622E0
2.289249833E0,2.452802181E0,9.610259533E-1,-1.661035061E0
2.299264833E0,2.706460953E0,7.038509250E-1,-1.771957278E0
2.309278833E0,2.956707954E0,6.318322420E-1,-1.892559528E0
2.319292833E0,3.140972614E0,7.057203650E-1,-2.001393318E0
2.329306833E0,3.202395916E0,9.789826870E-1,-2.038208008E0
2.339321833E0,2.910362720E0,1.316528797E0,-2.020145893E0
2.349335833E0,2.275640011E0,1.537708402E0,-1.962796092E0
2.359349833E0,1.577714205E0,1.598549724E0,-1.911575794E0
2.369363833E0,1.023882151E0,1.487421989E0,-1.859514356E0
2.379377833E0,7.776225805E-1,1.057263374E0,-1.786248446E0
2.389392833E0,8.674181700E-1,5.687294006E-1,-1.752066374E0
2.399406833E0,9.346131682E-1,4.038491100E-2,-1.719660759E0
2.409420833E0,9.879015088E-1,-4.094951749E-1,-1.743771195E0
2.419434833E0,1.009047270E0,-7.036362290E-1,-1.786917806E0
2.429448833E0,1.008026481E0,-8.929314613E-1,-1.808461428E0
2.439463833E0,9.466448426E-1,-1.069165945E0,-1.718318582E0
2.449477833E0,7.838732600E-1,-1.285767317E0,-1.478953242E0
2.459491833E0,6.743659377E-1,-1.514265180E0,-1.148291469E0
2.469505833E0,6.380274296E-1,-1.753677368E0,-7.857438922E-1
2.479520833E0,6.515752077E-1,-1.904599190E0,-4.449045360E-1
2.489534833E0,7.551296949E-1,-1.978347301E0,-1.667924523E-1
2.499548833E0,9.195386171E-1,-1.935590267E0,5.581985787E-2
2.509562833E0,1.049644470E0,-1.784481406E0,2.569929063E-1
2.519576833E0,1.110525846E0,-1.527637959E0,4.734983146E-1
2.529591833E0,1.056104183E0,-1.159084558E0,6.970016360E-1
2.539605833E0,8.800527453E-1,-7.067996264E-1,8.816092610E-1
2.549619833E0,6.285528541E-1,-1.770906150E-1,1.045502901E0
2.559633833E0,3.372538686E-1,3.710132539E-1,1.199701548E0
2.569648833E0,8.351318538E-2,8.579320908E-1,1.328230143E0
2.579662833E0,-9.027671069E-2,1.190394640E0,1.459495425E0
2.589676833E0,-1.447112262E-1,1.405264020E0,1.613507867E0
2.599690833E0,-1.180623025E-1,1.468472838E0,1.805565715E0
2.609704833E0,-9.624613449E-3,1.363165259E0,1.997909665E0
2.619719833E0,1.907404512E-1,1.024603486E0,2.176265478E0
2.629733833E0,4.629769325E-1,5.404804349E-1,2.352540255E0
2.639747833E0,7.538708448E-1,1.065732017E-1,2.510634184E0
2.649761833E0,9.955241680E-1,-1.970733851E-1,2.642968416E0
2.659775833E0,1.166038156E0,-2.965578735E-1,2.703509808E0
2.669790833E0,1.259214759E0,-7.876583189E-2,2.709129333E0
2.679804833E0,1.219126940E0,3.528816998E-1,2.636415482E0
2.689818833E0,1.022164464E0,8.458926678E-1,2.595118046E0
2.699832833E0,7.506544590E-1,1.209552050E0,2.666987181E0
2.709847833E0,5.296611190E-1,1.288843513E0,2.801521063E0
2.719861833E0,4.241735637E-1,1.102467299E0,2.924768209E0
2.729875833E0,4.415029287E-1,7.988402843E-1,2.959648609E0
2.739889833E0,5.461212397E-1,4.572368562E-1,2.884303331E0
2.749904833E0,7.154646516E-1,1.240147203E-1,2.741241217E0
2.759918833E0,8.834153414E-1,-9.302464873E-2,2.617018938E0
2.769932833E0,9.905025363E-1,-1.655965894E-1,2.559000254E0
2.779946833E0,1.068401098E0,-1.583040506E-1,2.601970911E0
2.789960833E0,1.132319808E0,-1.231766790E-1,2.764733553E0
2.799975833E0,1.145538926E0,-1.227471083E-1,2.999306202E0
2.809989833E0,1.105051637E0,-9.720559418E-2,3.256415367E0
2.820003833E0,1.051377296E0,7.675475627E-2,3.467696428E0
2.830017833E0,9.694197178E-1,2.353558093E-1,3.597516775E0
2.840032833E0,9.101055264E-1,2.188767046E-1,3.626971960E0
2.850046833E0,8.920826316E-1,5.142500252E-2,3.532672644E0
2.860060833E0,8.896157146E-1,-1.828953624E-1,3.408330679E0
2.870074833E0,8.370832205E-1,-3.770127892E-1,3.264868259E0
2.880088833E0,7.349733710E-1,-5.000889301E-1,3.116260052E0
2.890103833E0,6.132846475E-1,-4.388453364E-1,2.957917929E0
2.900117833E0,4.561690688E-1,-2.030131072E-1,2.819358110E0
2.910131750E0,3.189982176E-1,1.419033259E-1,2.719489336E0
2.920145750E0,2.402357459E-1,5.197643042E-1,2.613882780E0
2.930160750E0,1.819586307E-1,9.232320786E-1,2.478662729E0
2.940174750E0,1.268849820E-1,1.202475190E0,2.221065283E0
2.950188750E0,1.641066372E-1,1.221123219E0,1.787479043E0
2.960202750E0,3.351407051E-1,1.019800544E0,1.232159138E0
2.970217750E0,5.754714012E-1,6.083428264E-1,6.565532684E-1
2.980231750E0,7.685050368E-1,1.656335741E-1,1.672524959E-1
2.990245750E0,9.610059261E-1,-1.221355498E-1,-2.211637497E-1
3.000259750E0,1.067993045E0,-2.381644249E-1,-4.981516898E-1
3.010274750E0,1.119717836E0,-1.943589598E-1,-7.111009359E-1
3.020288750E0,1.113163829E0,-6.270664930E-2,-8.347831964E-1
3.030302750E0,1.028456092E0,9.584016353E-2,-8.737661839E-1
3.040316750E0,8.695461154E-1,2.730594277E-1,-8.923507929E-1
3.050330750E0,6.384602189E-1,4.566377401E-1,-9.448468685E-1
3.060345750E0,4.283826351E-1,4.815244377E-1,-1.010886550E0
3.070359750E0,2.882607281E-1,3.249213994E-1,-1.056051850E0
3.080373750E0,1.676797271E-1,5.859647691E-2,-1.138492584E0
3.090387750E0,4.565310851E-2,-1.839556843E-1,-1.270710468E0
3.100402750E0,-8.102307469E-2,-2.983842492E-1,-1.421375036E0
3.110416750E0,-2.397727817E-1,-2.475029379E-1,-1.544806838E0
3.120430750E0,-3.969232738E-1,-9.638850391E-2,-1.660653830E0
3.130444750E0,-4.762082398E-1,4.733909667E-2,-1.784062266E0
3.140459750E0,-4.500693083E-1,1.126893461E-1,-1.908066273E0
3.150473750E0,-3.924917877E-1,6.476766616E-2,-2.036780834E0
3.160487750E0,-3.980708420E-1,-1.959888078E-2,-2.210860491E0
3.170501750E0,-4.955641627E-1,-1.070239991E-1,-2.425799131E0
3.180516750E0,-6.792250872E-1,-2.556760609E-1,-2.643155813E0
3.190530750E0,-8.777260780E-1,-4.461364746E-1,-2.790306091E0
3.200544750E0,-1.095909357E0,-6.658357978E-1,-2.914429665E0
3.210558750E0,-1.301683187E0,-7.659841180E-1,-3.061844110E0
3.220573750E0,-1.490638137E0,-7.208486199E-1,-3.230140209E0
3.230587750E0,-1.677582383E0,-6.082709432E-1,-3.365644455E0
3.240601750E0,-1.797917843E0,-4.809870124E-1,-3.439921141E0
3.250615750E0,-1.851751447E0,-3.655443192E-1,-3.470385075E0
3.260629750E0,-1.849259496E0,-3.009243011E-1,-3.466617346E0
3.270644750E0,-1.814985991E0,-3.091699183E-1,-3.432152271E0
3.280658750E0,-1.762530565E0,-3.444909155E-1,-3.405380011E0
3.290672750E0,-1.698430419E0,-4.361207783E-1,-3.380099535E0
3.300686750E0,-1.613577247E0,-5.598629713E-1,-3.358852625E0
3.310701750E0,-1.498080254E0,-6.962638497E-1,-3.324066162E0
3.320715750E0,-1.381006598E0,-8.249682784E-1,-3.267251492E0
3.330729750E0,-1.301449180E0,-8.844124079E-1,-3.201667309E0
3.340743750E0,-1.270723701E0,-8.923898935E-1,-3.172057629E0
3.350758750E0,-1.252238154E0,-8.424414992E-1,-3.168529034E0
3.360772750E0,-1.210291028E0,-8.121856451E-1,-3.139046907E0
3.370786750E0,-1.140385270E0,-8.848316073E-1,-3.063100100E0
3.380800750E0,-1.091300011E0,-1.018814921E0,-2.979983568E0
3.390815750E0,-1.064382076E0,-1.109896779E0,-2.894878626E0
3.400829750E0,-1.052400231E0,-1.130296588E0,-2.791020870E0
3.410843750E0,-1.102368832E0,-1.106710553E0,-2.636000395E0
3.420857750E0,-1.192970634E0,-1.002120733E0,-2.395799160E0
3.430872750E0,-1.248835325E0,-9.397386312E-1,-2.162101030E0
3.440886750E0,-1.238763213E0,-9.423778057E-1,-1.953496814E0
3.450900750E0,-1.134278655E0,-9.707599282E-1,-1.763215542E0
3.460914750E0,-9.648962617E-1,-1.032429338E0,-1.561169982E0
3.470929750E0,-7.634499073E-1,-9.914221764E-1,-1.351680756E0
3.480943750E0,-5.718929768E-1,-8.944279552E-1,-1.109059334E0
3.490957750E0,-3.742575347E-1,-8.087851405E-1,-8.349182010E-1
3.500971750E0,-2.102611363E-1,-7.375503778E-1,-5.259702206E-1
3.510986750E0,-7.367511094E-2,-5.592073202E-1,-1.822107732E-1
3.521000750E0,2.495558467E-3,-1.662826538E-1,1.850625724E-1
3.531014750E0,-3.738024086E-2,4.506331384E-1,5.022120476E-1
3.541028750E0,-1.042873710E-1,1.198262334E0,7.361161709E-1
3.551043750E0,-1.127948165E-1,1.923999786E0,8.902189732E-1
3.561057750E0,1.746120397E-4,2.414106607E0,9.972077608E-1
3.571071750E0,2.238364667E-1,2.480248690E0,1.049900293E0
3.581085750E0,5.761526823E-1,2.000969410E0,1.052516818E0
3.591100750E0,9.649014473E-1,1.175526023E0,1.028662920E0
3.601114750E0,1.275321603E0,4.457660913E-1,9.575961232E-1
3.611128750E0,1.449758291E0,1.457144320E-1,8.688961267E-1
3.621142750E0,1.491411448E0,2.057950795E-1,7.795758247E-1
3.631157750E0,1.487233996E0,4.562205076E-1,7.280433774E-1
3.641171750E0,1.565719008E0,8.746073246E-1,7.800932527E-1
3.651185750E0,1.731460690E0,1.216257215E0,9.489707947E-1
3.661199750E0,1.991341829E0,1.453886509E0,1.229500651E0
3.671214750E0,2.275960684E0,1.637202621E0,1.557932377E0
3.681228750E0,2.542979956E0,1.765508413E0,1.855024219E0
3.691242750E0,2.833026648E0,1.807956338E0,2.042551994E0
3.701256750E0,3.171837807E0,1.716330171E0,2.111709118E0
3.711271750E0,3.486644983E0,1.478101373E0,2.048839808E0
3.721285750E0,3.675980568E0,1.227299452E0,1.855718493E0
3.731299750E0,3.699114323E0,1.055912375E0,1.635232210E0
3.741313750E0,3.641531229E0,9.377947450E-1,1.515557766E0
3.751328750E0,3.642129660E0,8.784853816E-1,1.496907353E0
3.761342750E0,3.656330585E0,7.902567387E-1,1.514530540E0
3.771356750E0,3.673292160E0,7.614347935E-1,1.529870629E0
3.781370750E0,3.650872231E0,7.443226576E-1,1.531907916E0
3.791385750E0,3.578606129E0,7.905162573E-1,1.506958246E0
3.801399750E0,3.388224363E0,8.993492723E-1,1.489522815E0
3.811413750E0,3.146694660E0,1.062352419E0,1.492754221E0
3.821427750E0,2.981309175E0,1.202904701E0,1.486097455E0
3.831442750E0,2.907940865E0,1.195522189E0,1.450036407E0
3.841456750E0,2.901904345E0,1.047197938E0,1.371326089E0
3.851470750E0,2.956428289E0,7.451050878E-1,1.247504711E0
3.861485750E0,3.056921721E0,4.167447984E-1,1.149482608E0
3.871499750E0,3.147819757E0,3.181730807E-1,1.099965334E0
3.881513750E0,3.098561287E0,3.666785657E-1,1.030514121E0
3.891527750E0,2.906668425E0,4.315975308E-1,9.316567183E-1
3.901542750E0,2.681140661E0,4.558970034E-1,8.485914469E-1
3.911557583E0,2.443356752E0,4.095950127E-1,7.748444080E-1
3.921571583E0,2.224042177E0,2.987984419E-1,6.651847363E-1
3.931585583E0,2.074062824E0,1.903919429E-1,5.321306586E-1
3.941600583E0,1.983708501E0,1.436817050E-1,4.358017445E-1
3.951614583E0,1.850014925E0,6.389779598E-2,3.546714485E-1
3.961628583E0,1.662516713E0,-3.540429100E-2,2.661375999E-1
3.971642583E0,1.427493095E0,-2.090791166E-1,1.368207335E-1
3.981657583E0,1.188283801E0,-4.191410244E-1,-2.753624693E-2
3.991671583E0,9.649595618E-1,-6.420612931E-1,-1.552733630E-1
4.001685583E0,7.643982768E-1,-8.299648762E-1,-2.547730505E-1
4.011699583E0,5.789419413E-1,-9.337498546E-1,-3.509980738E-1
4.021714583E0,3.860375285E-1,-8.863458633E-1,-4.285360277E-1
4.031728583E0,1.608050168E-1,-7.477431893E-1,-4.891514182E-1
4.041742583E0,-6.840474159E-2,-6.304773092E-1,-5.518505573E-1
4.051756583E0,-2.792708576E-1,-5.684784055E-1,-5.886493921E-1
4.061771583E0,-4.930153787E-1,-5.497731566E-1,-6.379902959E-1
4.071785583E0,-7.558109164E-1,-5.329772234E-1,-7.331399918E-1
4.081799583E0,-1.053503275E0,-6.082291007E-1,-9.221231937E-1
4.091814583E0,-1.321121335E0,-8.549827933E-1,-1.170014381E0
4.101828583E0,-1.504942298E0,-1.093622327E0,-1.380821705E0
4.111842583E0,-1.670924306E0,-1.272052526E0,-1.508543015E0
4.121856583E0,-1.857484937E0,-1.373536348E0,-1.572118759E0
4.131871583E0,-2.011583328E0,-1.396110535E0,-1.609019518E0
4.141885583E0,-2.125465155E0,-1.335475206E0,-1.621647716E0
4.151899583E0,-2.230335236E0,-1.197016001E0,-1.619575858E0
4.161913583E0,-2.336692333E0,-9.806773067E-1,-1.595825195E0
4.171928583E0,-2.433179379E0,-7.094041705E-1,-1.539076447E0
4.181942583E0,-2.528114557E0,-6.064839363E-1,-1.498596668E0
4.191956583E0,-2.580166101E0,-8.280997276E-1,-1.529098749E0
4.201970583E0,-2.525003672E0,-1.215492487E0,-1.628557682E0
4.211985583E0,-2.486063004E0,-1.627081275E0,-1.785373569E0
4.221999583E0,-2.500640392E0,-1.936414361E0,-1.927074194E0
4.232013583E0,-2.520397902E0,-2.085399866E0,-1.988283634E0
4.242028583E0,-2.552794218E0,-2.112850428E0,-1.946872830E0
4.252042583E0,-2.578905582E0,-2.013027430E0,-1.835011005E0
4.262056583E0,-2.626446962E0,-1.810811758E0,-1.732195139E0
4.272070583E0,-2.676915646E0,-1.571164250E0,-1.641808033E0
4.282085583E0,-2.721092939E0,-1.323710561E0,-1.524509311E0
4.292099583E0,-2.753551006E0,-1.067855358E0,-1.374696851E0
4.302113583E0,-2.763835192E0,-7.720950842E-1,-1.212168097E0
4.312127583E0,-2.779975653E0,-4.883893430E-1,-1.066954136E0
4.322142583E0,-2.726724863E0,-2.527174354E-1,-9.476215839E-1
4.332156583E0,-2.620630741E0,-2.168447375E-1,-8.659572005E-1
4.342170583E0,-2.469750166E0,-4.597905278E-1,-8.474612832E-1
4.352184583E0,-2.188765049E0,-8.548670411E-1,-8.590751290E-1
4.362199583E0,-1.868062615E0,-1.170562148E0,-8.345897794E-1
4.372213583E0,-1.525079608E0,-1.364061832E0,-8.552314043E-1
4.382227583E0,-1.167373419E0,-1.548367500E0,-8.986047506E-1
4.392242583E0,-7.607098222E-1,-1.710010409E0,-9.475656152E-1
4.402256583E0,-3.898454905E-1,-1.791849732E0,-9.311488271E-1
4.412270583E0,-1.268731207E-1,-1.673201680E0,-8.260314465E-1
4.422284583E0,-2.893528435E-4,-1.374827504E0,-6.142312884E-1
4.432299583E0,5.857868586E-3,-8.979830146E-1,-3.163544238E-1
4.442313583E0,-7.143558562E-2,-2.867111564E-1,2.572011203E-2
4.452327583E0,-1.529098451E-1,2.442121506E-1,3.483013213E-1
4.462341583E0,-1.038376465E-1,6.907150745E-1,6.340023279E-1
4.472356583E0,4.820688814E-2,1.101352692E0,8.543277383E-1
4.482370583E0,1.785374582E-1,1.484390616E0,9.600586891E-1
4.492384583E0,2.233860046E-1,1.850498796E0,8.809148073E-1
4.502399583E0,2.199936807E-1,2.167622566E0,6.870939136E-1
4.512413583E0,2.258156836E-1,2.244748116E0,4.809940159E-1
4.522427583E0,3.321650326E-1,2.069516659E0,2.933463752E-1
4.532441583E0,5.769323111E-1,1.571944237E0,9.067975730E-2
4.542456583E0,9.836680889E-1,9.236114621E-1,-1.114166155E-1
4.552470583E0,1.417968631E0,3.494686782E-1,-3.040528893E-1
4.562484583E0,1.732668281E0,1.331909746E-1,-4.600020051E-1
4.572498583E0,1.862540364E0,2.796437442E-1,-5.463152528E-1
4.582513583E0,1.887651682E0,6.597256064E-1,-5.410912037E-1
4.592527583E0,1.967119455E0,1.063185811E0,-4.543999732E-1
4.602541583E0,2.100141287E0,1.311820149E0,-3.460963964E-1
4.612556583E0,2.242415190E0,1.474433541E0,-2.766209841E-1
4.622570583E0,2.360616922E0,1.638645649E0,-2.557564676E-1
4.632584583E0,2.444879293E0,1.758225918E0,-3.007196784E-1
4.642598583E0,2.568782330E0,1.803466320E0,-3.911715448E-1
4.652613583E0,2.611105442E0,1.704552054E0,-5.252325535E-1
4.662627583E0,2.596274137E0,1.586218953E0,-7.313628197E-1
4.672641583E0,2.612643719E0,1.445135117E0,-9.412218928E-1
4.682656583E0,2.637379408E0,1.264331341E0,-1.106408954E0
4.692670583E0,2.844118834E0,1.095845461E0,-1.231082559E0
4.702684583E0,3.276442051E0,9.211194515E-1,-1.316944957E0
4.712698583E0,3.837337017E0,8.023613095E-1,-1.322315335E0
4.722713583E0,4.381430626E0,9.436585307E-1,-1.250778913E0
4.732727583E0,4.634175301E0,1.188240767E0,-1.191290021E0
4.742741583E0,4.515704632E0,1.477407098E0,-1.178159595E0
4.752755583E0,4.108496189E0,1.890815258E0,-1.153714657E0
4.762770583E0,3.656242132E0,2.116099596E0,-1.139936566E0
4.772784583E0,3.433462143E0,1.964567065E0,-1.148585439E0
4.782798583E0,3.502025127E0,1.535755515E0,-1.145480156E0
4.792813583E0,3.811867714E0,1.209468126E0,-1.110339522E0
4.802827583E0,3.980346918E0,1.037115335E0,-1.081030607E0
4.812841583E0,3.912672043E0,1.037749410E0,-1.014939547E0
4.822855583E0,3.768398762E0,1.155680656E0,-8.553956747E-1
4.832870583E0,3.577296972E0,1.215655327E0,-6.634601355E-1
4.842884583E0,3.327783585E0,1.089881063E0,-5.180909634E-1
4.852898583E0,3.014204502E0,9.603841305E-1,-4.177948236E-1
4.862913583E0,2.717981577E0,9.149894714E-1,-3.302606940E-1
4.872927583E0,2.527289152E0,9.272662401E-1,-2.465011925E-1
4.882941583E0,2.378101349E0,8.935000300E-1,-1.776363701E-1
4.892955583E0,2.241190195E0,8.205108643E-1,-1.159998029E-1
4.902970583E0,2.045789957E0,7.459290028E-1,-5.156568438E-2
4.912983958E0,1.708220482E0,6.731082797E-1,-1.106001996E-2
4.922997958E0,1.286181688E0,5.436006188E-1,-1.652669627E-3
4.933012958E0,9.113599658E-1,3.663109839E-1,1.445535105E-2
4.943026958E0,6.366727352E-1,1.144140586E-1,3.641311452E-2
4.953040958E0,4.633383155E-1,-1.879079044E-1,4.865632392E-3
4.963054958E0,3.042474687E-1,-5.523649454E-1,-5.451327190E-2
4.973069958E0,1.230968609E-1,-9.251265526E-1,-6.699577719E-2
4.983083958E0,-1.247992367E-1,-1.164390802E0,-1.872970909E-2
4.993097958E0,-5.383372903E-1,-1.168326616E0,7.081706077E-2
5.003112958E0,-9.801794291E-1,-9.969727397E-1,1.744502485E-1
5.013126958E0,-1.261057734E0,-8.169697523E-1,2.822866142E-1
5.023140958E0,-1.418787479E0,-7.096624374E-1,3.971354365E-1
5.033154958E0,-1.550986528E0,-6.684917212E-1,4.725157022E-1
5.043169958E0,-1.689591289E0,-6.481992602E-1,5.046933293E-1
5.053183958E0,-1.864867449E0,-5.701701045E-1,4.881622791E-1
5.063197958E0,-2.111107349E0,-4.528082907E-1,4.092040956E-1
5.073212958E0,-2.360708475E0,-3.598976135E-1,3.086885214E-1
5.083226958E0,-2.562875986E0,-3.596994877E-1,2.276032716E-1
5.093240958E0,-2.718944073E0,-4.521856606E-1,1.893945187E-1
5.103254958E0,-2.839275122E0,-7.557732463E-1,1.574600190E-1
5.113269958E0,-2.896653652E0,-1.135539055E0,1.423820704E-1
5.123283958E0,-2.940434456E0,-1.520685911E0,1.239330098E-1
5.133297958E0,-2.999777317E0,-1.833449602E0,9.906386584E-2
5.143312958E0,-3.086425304E0,-1.928660512E0,1.241803989E-1
5.153326958E0,-3.208787680E0,-1.705577374E0,2.263676077E-1
5.163340958E0,-3.335195780E0,-1.279867053E0,3.561261296E-1
5.173354958E0,-3.438228846E0,-9.159096479E-1,4.573301375E-1
5.183369958E0,-3.407880306E0,-1.103189588E0,4.446518719E-1
5.193383958E0,-3.078343391E0,-1.846235633E0,3.211422861E-1
5.203397958E0,-2.509404898E0,-2.794023991E0,7.188373059E-2
5.213412958E0,-1.868635297E0,-3.479130030E0,-1.360039115E-1
5.223426958E0,-1.371141553E0,-3.705758810E0,-2.205150723E-1
5.233440958E0,-1.193160892E0,-3.442288399E0,-1.239442825E-1
5.243454958E0,-1.261967659E0,-2.676298380E0,1.410620809E-1
5.253469958E0,-1.442785025E0,-1.701811790E0,4.992453456E-1
5.263483958E0,-1.567484617E0,-8.153489828E-1,8.373914361E-1
5.273497958E0,-1.490342021E0,-9.749241173E-2,1.112287283E0
5.283512958E0,-1.277991772E0,3.996771574E-1,1.309057951E0
5.293526958E0,-1.055988193E0,6.497679353E-1,1.384137988E0
5.303540958E0,-8.601025343E-1,6.271915436E-1,1.296143651E0
5.313554958E0,-6.077169180E-1,4.729723334E-1,1.033817649E0
5.323569958E0,-2.899205685E-1,2.933450341E-1,6.532809734E-1
5.333583958E0,6.234890223E-2,1.275573671E-1,2.277598679E-1
5.343597958E0,4.136784375E-1,-1.228894945E-2,-1.775471419E-1
5.353612958E0,6.978261471E-1,-9.495269507E-2,-4.909830689E-1
5.363626958E0,9.598455429E-1,-1.881068647E-1,-6.474925280E-1
5.373640958E0,1.172618747E0,-3.249657750E-1,-6.337880492E-1
5.383654958E0,1.279164314E0,-4.243773222E-1,-5.032737255E-1
5.393669958E0,1.310508013E0,-4.095079303E-1,-3.498241007E-1
5.403683958E0,1.299895883E0,-3.069940805E-1,-1.454067975E-1
5.413697958E0,1.271598697E0,-1.262613237E-1,9.213741869E-2
5.423712958E0,1.228418469E0,1.107578874E-1,3.345796168E-1
5.433726958E0,1.189919472E0,3.940837085E-1,5.619065166E-1
5.443740958E0,1.121525764E0,7.016388774E-1,7.571431398E-1
5.453755958E0,1.025583863E0,9.868485928E-1,9.315305948E-1
5.463769958E0,9.543060064E-1,1.279387951E0,1.066953659E0
5.473783958E0,9.359772205E-1,1.522614241E0,1.205111623E0
5.483797958E0,1.028819203E0,1.611290574E0,1.374329686E0
5.493812958E0,1.302783132E0,1.513221502E0,1.592107296E0
5.503826958E0,1.733851194E0,1.325466752E0,1.860719323E0
5.513840958E0,2.222696066E0,1.126879573E0,2.150675535E0
5.523855958E0,2.622554541E0,1.036565304E0,2.403230190E0
5.533869958E0,2.777670383E0,1.133496284E0,2.583567142E0
5.543883958E0,2.674291611E0,1.421245813E0,2.619126320E0
5.553897958E0,2.480262756E0,1.749368429E0,2.616633177E0
5.563912958E0,2.395292997E0,1.899323344E0,2.691382647E0
5.573926958E0,2.518899679E0,1.755186677E0,2.839995146E0
5.583940958E0,2.906123161E0,1.405636430E0,3.103183270E0
5.593955958E0,3.395262480E0,9.637134671E-1,3.478747606E0
5.603969958E0,3.747576237E0,7.767491937E-1,3.865823507E0
5.613983958E0,3.784720898E0,1.040022850E0,4.160497189E0
5.623998958E0,3.522815704E0,1.513940930E0,4.325698376E0
5.634012958E0,3.076166391E0,1.836080074E0,4.337936878E0
5.644026958E0,2.658175468E0,1.592067122E0,4.184810162E0
5.654040958E0,2.488127708E0,8.400272727E-1,3.825939417E0
5.664055958E0,2.497371674E0,-2.969664633E-1,3.194054842E0
5.674069958E0,2.424300671E0,-1.604981422E0,2.425577879E0
5.684083958E0,2.276283741E0,-2.750759602E0,1.658327341E0
5.694098958E0,2.116554737E0,-3.587132454E0,9.426128268E-1
5.704112958E0,2.046995878E0,-4.021707058E0,2.799054086E-1
5.714126958E0,2.094830751E0,-4.150105000E0,-2.652363181E-1
5.724141958E0,2.140406132E0,-4.015471458E0,-6.918278337E-1
5.734155958E0,2.039358377E0,-3.577683687E0,-1.097245812E0
5.744169958E0,1.677173257E0,-2.920345068E0,-1.507100940E0
5.754183958E0,9.710865617E-1,-2.262867928E0,-1.923028708E0
5.764198958E0,9.570442140E-2,-1.862410903E0,-2.307384253E0
5.774212958E0,-7.439467907E-1,-1.986309409E0,-2.761065245E0
5.784226958E0,-1.194293737E0,-2.524115324E0,-3.222707510E0
5.794241958E0,-1.274847269E0,-3.264001846E0,-3.658826828E0
5.804255958E0,-1.260116220E0,-4.110282421E0,-3.866360188E0
5.814269958E0,-1.429944515E0,-4.812494278E0,-3.538428545E0
5.824283958E0,-1.908922553E0,-5.281729698E0,-2.849405050E0
5.834298958E0,-2.693587780E0,-5.509066582E0,-2.012210369E0
5.844312958E0,-3.575641870E0,-5.171286583E0,-1.441374421E0
5.854326958E0,-4.338363171E0,-4.804442883E0,-1.238853931E0
5.864341958E0,-5.079842567E0,-4.414336205E0,-1.357431173E0
5.874355958E0,-5.702821732E0,-4.119892120E0,-1.591123819E0
5.884369958E0,-6.121719360E0,-3.980488539E0,-1.824804783E0
5.894384958E0,-6.252711773E0,-3.995102167E0,-2.029863358E0
5.904398958E0,-6.059934616E0,-3.947520971E0,-2.076348066E0
5.914413333E0,-5.832486629E0,-3.875588417E0,-2.068217754E0
5.924427333E0,-5.705346584E0,-3.659695864E0,-2.033779621E0
5.934442333E0,-5.702225208E0,-3.234733582E0,-2.015883684E0
5.944456333E0,-5.808076859E0,-2.646068573E0,-2.091238499E0
5.954470333E0,-6.069169521E0,-2.027916908E0,-2.189843416E0
5.964485333E0,-6.410635948E0,-1.482658863E0,-2.372688293E0
5.974499333E0,-6.624248505E0,-1.039494514E0,-2.641798258E0
5.984513333E0,-6.650308609E0,-8.218628168E-1,-2.907511234E0
5.994528333E0,-6.441777706E0,-8.966057301E-1,-3.107732534E0
6.004542333E0,-6.028211117E0,-1.301909208E0,-3.219320059E0
6.014556333E0,-5.534698009E0,-1.935225248E0,-3.205120802E0
6.024570333E0,-5.080293179E0,-2.462725401E0,-3.064543486E0
6.034585333E0,-4.769240856E0,-2.729897976E0,-2.801989794E0
6.044599333E0,-4.464331150E0,-2.699114084E0,-2.467183828E0
6.054613333E0,-4.072288036E0,-2.556571484E0,-2.034152985E0
6.064628333E0,-3.432208061E0,-2.409587860E0,-1.640488267E0
6.074642333E0,-2.743422985E0,-2.217643499E0,-1.361687064E0
6.084656333E0,-2.383762598E0,-1.839872360E0,-1.119950294E0
6.094671333E0,-2.313313484E0,-1.176313519E0,-9.232621193E-1
6.104685333E0,-2.302415133E0,-3.133084178E-1,-7.201718092E-1
6.114699333E0,-2.278305531E0,5.288639665E-1,-5.727298856E-1
6.124713333E0,-1.870612144E0,9.745351672E-1,-5.380153656E-1
6.134728333E0,-1.182285786E0,8.700818419E-1,-5.037010908E-1
6.144742333E0,-4.717127979E-1,3.885149360E-1,-4.028394520E-1
6.154756333E0,7.616966218E-2,-3.278587162E-1,-1.693831086E-1
6.164771333E0,3.634051681E-1,-1.084111452E0,1.331969947E-1
6.174785333E0,5.483386517E-1,-1.581349611E0,4.333055019E-1
6.184799333E0,7.852377295E-1,-1.661695838E0,5.796874762E-1
6.194814333E0,1.092567563E0,-1.361853480E0,5.430466533E-1
6.204828333E0,1.371528029E0,-7.828591466E-1,3.763559461E-1
6.214842333E0,1.536140442E0,-1.138907373E-1,2.593314648E-1
6.224856333E0,1.532722235E0,4.056523144E-1,3.596977592E-1
6.234871333E0,1.490443826E0,6.964306235E-1,6.252824068E-1
6.244885333E0,1.547303915E0,7.364962697E-1,9.729836583E-1
6.254899333E0,1.685618877E0,5.369716287E-1,1.341342449E0
6.264914333E0,1.899864316E0,2.825970650E-1,1.663856268E0
6.274928333E0,2.121822119E0,1.055875570E-1,1.927959085E0
6.284942333E0,2.321162462E0,1.189401150E-1,2.124141932E0
6.294957333E0,2.444903851E0,3.921278119E-1,2.266447306E0
6.304971333E0,2.459932089E0,8.402821422E-1,2.383284569E0
6.314985333E0,2.564739704E0,1.384519577E0,2.478915930E0
6.325000333E0,2.756222963E0,1.731634378E0,2.571888685E0
6.335014333E0,2.900987148E0,1.861901999E0,2.603180885E0
6.345028333E0,2.891152382E0,1.917380452E0,2.544449329E0
6.355042333E0,2.741190195E0,1.810058951E0,2.412989855E0
6.365057333E0,2.600646496E0,1.825709105E0,2.322489023E0
6.375071333E0,2.344458580E0,1.797580004E0,2.381282568E0
6.385085333E0,2.516005039E0,1.460132241E0,2.575872183E0
6.395100333E0,3.170564175E0,9.296286702E-1,2.705677748E0
6.405114333E0,3.616101980E0,4.501012564E-1,2.543948650E0
6.415128333E0,3.642780781E0,2.659414411E-1,2.220686913E0
6.425143333E0,3.226677895E0,3.929041922E-1,1.934435248E0
6.435157333E0,2.575952530E0,6.702789664E-1,1.827342629E0
6.445171333E0,2.062390089E0,8.854783773E-1,1.813181281E0
6.455185333E0,2.114989758E0,6.821208000E-1,1.932618737E0
6.465200333E0,2.477788210E0,1.636430025E-1,2.150759220E0
6.475214333E0,2.720100403E0,-2.439612150E-1,2.102162123E0
6.485228333E0,2.685961008E0,-2.247220129E-1,1.801838040E0
6.495243333E0,2.232306957E0,1.650941223E-1,1.407750726E0
6.505257333E0,1.511084199E0,6.369013190E-1,1.054189205E0
6.515271333E0,7.218359113E-1,8.256113529E-1,7.442463040E-1
6.525286333E0,1.122828647E-1,5.505355597E-1,4.656162560E-1
6.535300333E0,-1.802691966E-1,-1.655619405E-2,2.833485901E-1
6.545314333E0,-2.692523301E-1,-7.150287628E-1,1.845655739E-1
6.555329333E0,-2.619661689E-1,-1.233013272E0,2.127380967E-1
6.565343333E0,-3.815354407E-1,-1.532092810E0,2.728983760E-1
6.575357333E0,-6.459544301E-1,-1.410225868E0,3.550223112E-1
6.585371333E0,-1.157611847E0,-8.151330352E-1,4.867092371E-1
6.595386333E0,-1.741307378E0,-2.659361437E-2,6.955057383E-1
6.605400333E0,-2.143919468E0,5.243566632E-1,9.673199654E-1
6.615414333E0,-2.264927149E0,7.034629583E-1,1.221529365E0
6.625429333E0,-2.122181654E0,6.145666838E-1,1.405511737E0
6.635443333E0,-1.925726533E0,4.673249125E-1,1.570403814E0
6.645457333E0,-1.860016823E0,2.565090954E-1,1.670847893E0
6.655472333E0,-1.938944340E0,1.353612095E-1,1.724901915E0
6.665486333E0,-2.175374746E0,8.276777714E-2,1.832396746E0
6.675500333E0,-2.516118288E0,4.649996012E-2,2.038263083E0
6.685515333E0,-2.843721628E0,-1.004415527E-1,2.295816183E0
6.695529333E0,-3.054764271E0,-4.455774724E-1,2.487202168E0
6.705543333E0,-3.072590828E0,-9.318094254E-1,2.569806099E0
6.715557333E0,-3.002512455E0,-1.423422575E0,2.632972002E0
6.725572333E0,-2.878432989E0,-1.788400292E0,2.750432253E0
6.735586333E0,-2.803487062E0,-1.848674297E0,2.913223028E0
6.745600333E0,-2.819290400E0,-1.462780118E0,3.057017326E0
6.755615333E0,-2.882719755E0,-7.813057303E-1,3.167128801E0
6.765629333E0,-2.949404955E0,-1.225768030E-1,3.277998209E0
6.775643333E0,-2.962542057E0,4.545747042E-1,3.450984955E0
6.785658333E0,-3.006824017E0,6.995817423E-1,3.696092606E0
6.795672333E0,-3.019404650E0,7.807297111E-1,3.862327099E0
6.805686333E0,-3.010994196E0,7.473810315E-1,3.915431261E0
6.815701333E0,-3.067021370E0,5.750703216E-1,3.797708511E0
6.825715333E0,-3.053617477E0,3.749001920E-1,3.631780386E0
6.835729333E0,-3.031590700E0,1.314108074E-1,3.567948103E0
6.845743333E0,-3.087318182E0,-5.758386850E-2,3.614136219E0
6.855758333E0,-3.105335712E0,-5.033862591E-2,3.727720022E0
6.865772333E0,-2.990597486E0,5.030169711E-2,3.796568871E0
6.875786333E0,-2.829358578E0,1.877682656E-1,3.781044006E0
6.885801333E0,-2.693886042E0,4.147822559E-1,3.706776142E0
6.895815333E0,-2.538247585E0,6.834183931E-1,3.522336721E0
6.905829333E0,-2.375932217E0,9.218855500E-1,3.238843918E0
6.915843583E0,-2.183221340E0,1.029169321E0,2.938004732E0
6.925857583E0,-1.853581548E0,9.551087022E-1,2.634864330E0
6.935871583E0,-1.380231261E0,7.684087157E-1,2.294269562E0
6.945886583E0,-8.632211685E-1,6.651046872E-1,1.910098910E0
6.955900583E0,-3.768060803E-1,6.767567992E-1,1.400708675E0
6.965914583E0,8.196070790E-2,6.868126392E-1,8.687832355E-1
6.975928583E0,4.357286096E-1,7.114457488E-1,4.448097646E-1
6.985943583E0,7.979658842E-1,7.269189954E-1,7.322023064E-2
6.995957583E0,1.167547107E0,6.938426495E-1,-3.139804900E-1
7.005971583E0,1.486865759E0,6.806224585E-1,-6.792072058E-1
7.015986583E0,1.747305274E0,7.667989731E-1,-9.934384823E-1
7.026000583E0,1.854819298E0,8.695551753E-1,-1.223734856E0
7.036014583E0,1.954239964E0,9.461180568E-1,-1.324363947E0
7.046029583E0,2.110405684E0,1.073263526E0,-1.356127262E0
7.056043583E0,2.034535408E0,1.226912618E0,-1.424396753E0
7.066057583E0,1.853956223E0,1.379493713E0,-1.548597574E0
7.076072583E0,1.692636013E0,1.453744888E0,-1.732661605E0
7.086086583E0,1.667147517E0,1.343771338E0,-1.918321967E0
7.096100583E0,2.034845352E0,1.039398432E0,-1.969244957E0
7.106114583E0,2.558749914E0,6.576710939E-1,-2.006716490E0
7.116129583E0,2.850546837E0,5.005993247E-1,-2.149803877E0
7.126143583E0,2.933983564E0,6.144593358E-1,-2.339027166E0
7.136157583E0,2.796782017E0,9.617579579E-1,-2.505470991E0
7.146172583E0,2.507958889E0,1.348186255E0,-2.599107742E0
7.156186583E0,2.343610287E0,1.566241384E0,-2.564129591E0
7.166200583E0,2.588814020E0,1.511787534E0,-2.408572197E0
7.176215583E0,3.045486212E0,1.284469485E0,-2.278743744E0
7.186229583E0,3.309072733E0,1.071339846E0,-2.234980822E0
7.196243583E0,3.265809774E0,9.981234670E-1,-2.227523804E0
7.206258583E0,3.055238485E0,1.161963820E0,-2.202034235E0
7.216272583E0,2.780604839E0,1.362868905E0,-2.091755867E0
7.226286583E0,2.378555775E0,1.323247910E0,-1.900148034E0
7.236300583E0,1.989012003E0,1.073525667E0,-1.732430100E0
7.246315583E0,1.791224360E0,7.311838865E-1,-1.649494171E0
7.256329583E0,1.753871441E0,3.401010036E-1,-1.599970937E0
7.266343583E0,1.768025398E0,-5.484074354E-2,-1.493009090E0
7.276358583E0,1.782147408E0,-4.577701390E-1,-1.325116396E0
7.286372583E0,1.680032253E0,-6.659057140E-1,-1.078391314E0
7.296386583E0,1.397069931E0,-5.847027302E-1,-7.780720592E-1
7.306401583E0,1.021744251E0,-3.576363027E-1,-4.178739190E-1
7.316415583E0,6.050419211E-1,-1.393367052E-1,-6.784432381E-2
7.326429583E0,2.761641443E-1,-4.787141457E-3,2.234525084E-1
7.336444583E0,9.641421586E-2,1.875224896E-2,4.766222835E-1
7.346458583E0,-3.981339931E-2,-6.590884179E-2,7.386525273E-1
7.356472583E0,-1.604329199E-1,-2.227187455E-1,9.828780890E-1
7.366487583E0,-1.836250573E-1,-4.700939059E-1,1.108666062E0
7.376501583E0,-1.215121448E-1,-7.236488461E-1,1.129328847E0
7.386515583E0,-6.814958900E-2,-9.150009751E-1,1.206344843E0
7.396529583E0,-6.198218092E-2,-9.514436722E-1,1.440839767E0
7.406544583E0,-1.243986860E-1,-8.267360926E-1,1.718404531E0
7.416558583E0,-1.565473825E-1,-6.108732820E-1,1.926743031E0
7.426572583E0,-1.100560501E-1,-4.013094008E-1,2.056697369E0
7.436587583E0,3.585836291E-2,-2.688753903E-1,2.206655264E0
7.446601583E0,2.323748916E-1,-2.076879144E-1,2.386099100E0
7.456615583E0,3.860829771E-1,-1.481093168E-1,2.576068640E0
7.466630583E0,4.256200194E-1,-1.117597241E-2,2.786061525E0
7.476644583E0,3.493847251E-1,1.430990845E-1,2.991755009E0
7.486658583E0,3.424008489E-1,2.285481989E-1,3.193582296E0
7.496673583E0,4.227038622E-1,1.970908642E-1,3.380022526E0
7.506687583E0,6.063081026E-1,7.757831365E-2,3.550751209E0
7.516701583E0,8.751826286E-1,-1.493430585E-1,3.711266279E0
7.526716583E0,1.186022282E0,-4.665766656E-1,3.897793531E0
7.536730583E0,1.436732531E0,-6.382108331E-1,4.059189320E0
7.546744583E0,1.494136214E0,-6.005949974E-1,4.167322636E0
7.556758583E0,1.346513867E0,-2.571520507E-1,4.290016174E0
7.566773583E0,1.068277359E0,2.904652357E-1,4.453797817E0
7.576787583E0,8.399665356E-1,7.880296707E-1,4.588274002E0
7.586801583E0,7.181268930E-1,1.070473552E0,4.636817932E0
7.596816583E0,6.917924285E-1,1.074056506E0,4.572386742E0
7.606830583E0,7.213082910E-1,8.294958472E-1,4.460500717E0
7.616844583E0,8.667363524E-1,4.708675444E-1,4.273605824E0
7.626859583E0,9.655750394E-1,1.445509493E-1,3.975796223E0
7.636873583E0,8.756555319E-1,2.815116942E-2,3.630552292E0
7.646887583E0,7.901288867E-1,1.442530155E-1,3.381314516E0
7.656902583E0,8.132345676E-1,4.300628901E-1,3.263832331E0
7.666916583E0,7.811349630E-1,8.387561440E-1,3.140512466E0
7.676930583E0,6.549588442E-1,1.296672225E0,2.905157089E0
7.686945583E0,4.407770634E-1,1.651836991E0,2.544493914E0
7.696959583E0,3.471302986E-1,1.711434960E0,2.096208572E0
7.706973583E0,5.957289338E-1,1.382189631E0,1.604774833E0
7.716987583E0,8.926566243E-1,6.647213697E-1,1.083111644E0
7.727002583E0,1.091757178E0,-1.007084176E-1,5.317319632E-1
7.737016583E0,1.160692692E0,-5.840670466E-1,2.657006495E-2
7.747030583E0,1.044149041E0,-7.364994287E-1,-3.278061152E-1
7.757045583E0,8.497728705E-1,-5.932345986E-1,-5.758911967E-1
7.767059583E0,5.752896070E-1,-2.583916187E-1,-7.796323299E-1
7.777073583E0,2.817102373E-1,1.602714807E-1,-9.365847707E-1
7.787088583E0,5.389492959E-2,5.807627439E-1,-1.085880518E0
7.797102583E0,3.194657713E-2,8.049370646E-1,-1.296254396E0
7.807116583E0,6.141126156E-2,7.503939271E-1,-1.564579129E0
7.817131583E0,3.472557291E-2,5.506150126E-1,-1.868439198E0
7.827145583E0,-8.655158430E-2,3.040121496E-1,-2.223883629E0
7.837159583E0,-2.247384787E-1,1.670713425E-1,-2.555070639E0
7.847174583E0,-3.647041023E-1,9.684165567E-2,-2.779882431E0
7.857188583E0,-5.337183475E-1,1.914356202E-1,-2.925253868E0
7.867202583E0,-7.252867222E-1,4.477355778E-1,-3.014302731E0
7.877216583E0,-8.780090213E-1,7.640514374E-1,-3.099911928E0
7.887231583E0,-9.298312068E-1,9.772127271E-1,-3.190537930E0
7.897245583E0,-8.598380089E-1,1.013419390E0,-3.262063742E0
7.907259583E0,-7.826665044E-1,8.326229453E-1,-3.360373974E0
7.917275208E0,-6.973109841E-1,4.933798909E-1,-3.462314367E0
7.927289208E0,-6.048838496E-1,1.461638957E-1,-3.554903984E0
7.937303208E0,-5.568432212E-1,-9.324785322E-2,-3.619615316E0
7.947318208E0,-5.828375220E-1,-1.058789641E-1,-3.671582699E0
7.957332208E0,-6.859692335E-1,-4.566763341E-2,-3.649935246E0
7.967346208E0,-7.853447795E-1,1.991110854E-2,-3.556249142E0
7.977361208E0,-8.271913528E-1,3.610488493E-4,-3.463352203E0
7.987375208E0,-8.094232678E-1,-6.892987341E-2,-3.399746895E0
7.997389208E0,-7.593169808E-1,-1.688001007E-1,-3.354810238E0
8.007404208E0,-7.329868674E-1,-2.557035685E-1,-3.319264174E0
8.017418208E0,-6.984696984E-1,-2.983039021E-1,-3.272702932E0
8.027432208E0,-6.853203177E-1,-3.285472989E-1,-3.191352844E0
8.037446208E0,-6.948632598E-1,-4.039579034E-1,-3.090087414E0
8.047461208E0,-6.941700578E-1,-4.904858768E-1,-2.971270084E0
8.057475208E0,-6.589053869E-1,-5.565681458E-1,-2.849709272E0
8.067489208E0,-5.784537196E-1,-5.459154844E-1,-2.719587564E0
8.077504208E0,-4.958158433E-1,-5.129770041E-1,-2.569664001E0
8.087518208E0,-4.465572238E-1,-4.328973889E-1,-2.385050058E0
8.097532208E0,-4.523150921E-1,-3.351484239E-1,-2.178757668E0
8.107547208E0,-4.690456092E-1,-2.920259833E-1,-1.976461530E0
8.117561208E0,-4.383717477E-1,-3.696920574E-1,-1.746263385E0
8.127575208E0,-3.448599279E-1,-5.566539764E-1,-1.510470867E0
8.137590208E0,-2.067332864E-1,-7.822474837E-1,-1.266982436E0
8.147604208E0,-6.903908402E-2,-9.861121774E-1,-1.011669397E0
8.157618208E0,5.394966900E-2,-1.142448425E0,-7.694351673E-1
8.167633208E0,1.851305962E-1,-1.187242866E0,-5.725471377E-1
8.177647208E0,3.003619611E-1,-1.158619046E0,-4.082717001E-1
8.187661208E0,3.848089278E-1,-1.006168246E0,-2.264502347E-1
8.197675208E0,4.088305235E-1,-7.331104875E-1,-1.083306223E-2
8.207690208E0,4.524376690E-1,-4.070572853E-1,2.120021433E-1
8.217704208E0,5.466535687E-1,-7.821679115E-2,3.639470935E-1
8.227718208E0,6.525190473E-1,1.143920720E-1,4.478899240E-1
8.237733208E0,8.060710430E-1,2.577624023E-1,5.244179964E-1
8.247747208E0,9.739167690E-1,3.716564775E-1,6.373053789E-1
8.257761208E0,1.113569021E0,4.844363034E-1,8.266963363E-1
8.267776208E0,1.188143849E0,5.540244579E-1,1.084819794E0
8.277790208E0,1.294063568E0,5.782560110E-1,1.362747192E0
8.287804208E0,1.439627647E0,6.632302999E-1,1.593542814E0
8.297819208E0,1.635299087E0,8.407091498E-1,1.719715118E0
8.307833208E0,1.940026879E0,1.071646810E0,1.800938129E0
8.317847208E0,2.316870689E0,1.228585958E0,1.841450095E0
8.327862208E0,2.702063560E0,1.336647153E0,1.863700628E0
8.337876208E0,3.085449934E0,1.281700969E0,1.953941941E0
8.347890208E0,3.366366625E0,1.141023040E0,2.110946894E0
8.357904208E0,3.511318922E0,1.061718345E0,2.296477079E0
8.367919208E0,3.524558067E0,1.103432536E0,2.473596334E0
8.377933208E0,3.429770231E0,1.141003013E0,2.595567703E0
8.387947208E0,3.296290159E0,1.126836300E0,2.658088923E0
8.397962208E0,3.260317326E0,1.007707477E0,2.655414820E0
8.407976208E0,3.339121580E0,8.019601703E-1,2.600047827E0
8.417990208E0,3.488589764E0,6.182363629E-1,2.477057934E0
8.428005208E0,3.669981718E0,6.514790058E-1,2.302862644E0
8.438019208E0,3.822961092E0,1.032599092E0,2.207069874E0
8.448033208E0,3.535665751E0,1.507716298E0,2.302127123E0
8.458048208E0,2.905727386E0,1.926918745E0,2.395895958E0
8.468062208E0,2.264906168E0,2.240003347E0,2.357966661E0
8.478076208E0,1.787094593E0,2.272517204E0,2.218864918E0
8.488091208E0,1.616872191E0,2.028796673E0,2.033252239E0
8.498105208E0,1.614699721E0,1.483592868E0,1.807121277E0
8.508119208E0,1.579898953E0,8.025110364E-1,1.606570125E0
8.518134208E0,1.510446310E0,4.148715734E-1,1.478691816E0
8.528148208E0,1.423273802E0,3.856409788E-1,1.343009830E0
8.538162208E0,1.298438668E0,5.475593805E-1,1.134669662E0
8.548176208E0,1.195924878E0,6.867955327E-1,8.896856904E-1
8.558191208E0,1.078775167E0,8.360524178E-1,6.855279803E-1
8.568205208E0,8.661757708E-1,8.606411219E-1,5.226373076E-1
8.578219208E0,5.861274600E-1,8.450722694E-1,2.901522219E-1
8.588234208E0,2.413876802E-1,6.979008913E-1,-1.143880635E-1
8.598248208E0,-7.470121235E-2,2.956915796E-1,-5.761584044E-1
8.608262208E0,-2.543064058E-1,-2.276664227E-1,-9.368640780E-1
8.618277208E0,-3.276581466E-1,-7.233952284E-1,-1.160622120E0
8.628291208E0,-3.675493598E-1,-1.022234440E0,-1.299494863E0
8.638305208E0,-4.477692544E-1,-1.047524810E0,-1.428040862E0
8.648320208E0,-5.909429193E-1,-8.955589533E-1,-1.549996018E0
8.658334208E0,-7.320744991E-1,-6.993678212E-1,-1.673788190E0
8.668348208E0,-9.362881184E-1,-5.659509301E-1,-1.781990528E0
8.678363208E0,-1.147220135E0,-4.655847847E-1,-1.900634527E0
8.688377208E0,-1.369590640E0,-3.582191765E-1,-2.021235228E0
8.698391208E0,-1.591670513E0,-1.958446801E-1,-2.141170979E0
8.708405208E0,-1.818547130E0,3.502263129E-2,-2.273423910E0
8.718420208E0,-2.011762381E0,2.569911480E-1,-2.328581810E0
8.728434208E0,-2.177121639E0,3.962582350E-1,-2.295749187E0
8.738448208E0,-2.342993021E0,3.999070525E-1,-2.252667904E0
8.748463208E0,-2.414510012E0,3.388471603E-1,-2.212222338E0
8.758477208E0,-2.415286064E0,2.637230456E-1,-2.187141418E0
8.768491208E0,-2.417522669E0,2.141549587E-1,-2.163645744E0
8.778506208E0,-2.436454296E0,1.653833985E-1,-2.165831804E0
8.788520208E0,-2.425294876E0,7.625351846E-2,-2.178924561E0
8.798534208E0,-2.401654482E0,-3.678907081E-2,-2.146596909E0
8.808549208E0,-2.380057335E0,-1.189342737E-1,-2.114068508E0
8.818563208E0,-2.386733055E0,-1.919330806E-1,-2.089412212E0
8.828577208E0,-2.307003975E0,-2.399157882E-1,-2.046998262E0
8.838592208E0,-2.170605898E0,-2.840553522E-1,-1.937166095E0
8.848606208E0,-2.003780365E0,-2.825927436E-1,-1.782010078E0
8.858620208E0,-1.870810747E0,-1.829253435E-1,-1.647049189E0
8.868634208E0,-1.782702208E0,-2.956064418E-5,-1.572172046E0
8.878649208E0,-1.691703916E0,1.207511425E-1,-1.523575187E0
8.888663208E0,-1.538976431E0,1.269376725E-1,-1.450384378E0
8.898677208E0,-1.325232744E0,1.078884602E-1,-1.332926989E0
8.908692208E0,-1.141555905E0,1.370830834E-1,-1.254835367E0
8.918705208E0,-1.064957142E0,1.955085546E-1,-1.265005589E0
8.928719208E0,-1.032416463E0,2.214650661E-1,-1.314334512E0
8.938734208E0,-9.390236735E-1,2.083091736E-1,-1.341236711E0
8.948748208E0,-8.050085902E-1,6.359513104E-2,-1.291401505E0
8.958762208E0,-6.833823323E-1,-1.098746583E-1,-1.196038961E0
8.968777208E0,-6.324773431E-1,-2.368363291E-1,-1.086838484E0
8.978791208E0,-6.881175041E-1,-3.175418079E-1,-9.402395487E-1
8.988805208E0,-7.509033680E-1,-3.435779214E-1,-7.495497465E-1
8.998820208E0,-7.037634254E-1,-2.944203317E-1,-5.548381209E-1
9.008834208E0,-5.660705566E-1,-2.412527204E-1,-3.856312633E-1
9.018848208E0,-4.236875176E-1,-1.379254013E-1,-2.468134761E-1
9.028863208E0,-2.572141290E-1,-8.740508929E-3,-1.422372609E-1
9.038877208E0,-4.493376613E-2,9.074961394E-2,-5.483741686E-2
9.048891208E0,1.712296903E-1,1.592359990E-1,3.096459201E-3
9.058905208E0,3.608751893E-1,1.211762801E-1,3.595497459E-2
9.068920208E0,4.327552319E-1,7.991991937E-2,6.525294483E-2
9.078934208E0,3.862756193E-1,6.804743409E-2,8.845598996E-2
9.088948208E0,2.880329490E-1,5.646933615E-2,1.098651439E-1
9.098963208E0,2.977787256E-1,-1.460452378E-1,1.228501052E-1
9.108977208E0,4.638119042E-1,-5.321950912E-1,1.438350081E-1
9.118991208E0,7.533180714E-1,-9.072276354E-1,1.827796847E-1
9.129006208E0,1.094718575E0,-1.124099493E0,2.096701562E-1
9.139020208E0,1.358760357E0,-1.096653104E0,2.630353570E-1
9.149034208E0,1.512235641E0,-8.606110215E-1,3.536755145E-1
9.159049208E0,1.614162326E0,-4.960057735E-1,4.763130248E-1
9.169063208E0,1.808370709E0,-1.891997457E-1,5.993486643E-1
9.179077208E0,2.215724230E0,1.277735680E-1,7.585065961E-1
9.189092208E0,2.669816256E0,3.937261701E-1,9.338192940E-1
9.199106208E0,2.965312481E0,6.957132220E-1,1.089951754E0
9.209120208E0,3.040442705E0,1.047072053E0,1.208494067E0
9.219134208E0,2.920586109E0,1.214036226E0,1.222526789E0
9.229149208E0,2.824465752E0,1.105432034E0,1.123449802E0
9.239163208E0,3.046925545E0,7.567405701E-1,9.552266002E-1
9.249177208E0,3.429970741E0,1.536996812E-1,7.787035108E-1
9.259192208E0,3.660086870E0,-4.490080476E-1,5.717852712E-1
9.269206208E0,3.684737682E0,-8.254210949E-1,3.013782799E-1
9.279220208E0,3.600439072E0,-1.148273587E0,6.411853433E-2
9.289235208E0,3.628054380E0,-1.390857458E0,-2.890648320E-2
9.299249208E0,3.874300003E0,-1.109191298E0,6.901034713E-2
9.309263208E0,4.040173054E0,-4.175603986E-1,2.695730031E-1
9.319278208E0,4.022616386E0,4.618039429E-1,4.421652853E-1
9.329292208E0,3.931872845E0,1.266230583E0,5.621436238E-1
9.339306208E0,3.748573780E0,1.611442208E0,5.677394867E-1
9.349321208E0,3.451332569E0,1.626025438E0,4.901628792E-1
9.359335208E0,3.173680305E0,1.360274434E0,3.464488089E-1
9.369349208E0,2.989731312E0,8.344464898E-1,1.526220888E-1
9.379363208E0,3.013707161E0,3.012290895E-1,2.784064971E-2
9.389378208E0,3.159437656E0,9.683309495E-2,-5.791233853E-2
9.399392208E0,3.116247416E0,1.579326838E-1,-1.596874446E-1
9.409406208E0,2.837513447E0,5.093309283E-1,-2.254408896E-1
9.419421208E0,2.409165382E0,9.780556560E-1,-1.718953997E-1
9.429435208E0,1.986538172E0,1.327984095E0,-3.142563254E-2
9.439449208E0,1.740309119E0,1.472396731E0,9.373288602E-2
9.449464208E0,1.673890114E0,1.390668035E0,1.131419986E-1
9.459478208E0,1.732207656E0,1.101303816E0,7.452567667E-2
9.469492208E0,1.788592339E0,8.149667978E-1,3.340779990E-2
9.479507208E0,1.742764473E0,5.526235104E-1,-3.173664212E-2
9.489521208E0,1.600304842E0,3.216702044E-1,-7.806259394E-2
9.499535208E0,1.395674586E0,6.571301818E-2,-9.426851571E-2
9.509550208E0,1.176048160E0,-2.241214514E-1,-1.246517226E-1
9.519564208E0,9.635815620E-1,-5.343552232E-1,-1.201430187E-1
9.529578208E0,7.745304108E-1,-6.882726550E-1,-7.232222706E-2
9.539592208E0,5.328382850E-1,-7.264357805E-1,-1.138115600E-1
9.549607208E0,2.399025857E-1,-7.135804296E-1,-2.403737605E-1
9.559621208E0,-1.361540612E-2,-6.825053096E-1,-3.470895588E-1
9.569635208E0,-2.778129578E-1,-6.487308145E-1,-4.062141478E-1
9.579650208E0,-6.150743365E-1,-5.574859977E-1,-4.964470863E-1
9.589664208E0,-9.799205065E-1,-4.347946644E-1,-6.202539802E-1
9.599678208E0,-1.285429716E0,-2.938810587E-1,-7.131651044E-1
9.609693208E0,-1.475921035E0,-2.539709210E-1,-7.469752431E-1
9.619707208E0,-1.575620174E0,-3.325906098E-1,-7.368281484E-1
9.629721208E0,-1.672210574E0,-5.837836862E-1,-6.776785254E-1
9.639736208E0,-1.780276656E0,-8.939747810E-1,-6.129934788E-1
9.649750208E0,-1.894831777E0,-1.154083252E0,-5.710734725E-1
9.659764208E0,-2.042647123E0,-1.250469685E0,-4.864220321E-1
9.669779208E0,-2.220481396E0,-1.236112356E0,-3.822511733E-1
9.679793208E0,-2.433508396E0,-1.165379167E0,-3.134114146E-1
9.689807208E0,-2.637711287E0,-1.103418350E0,-2.752235532E-1
9.699821208E0,-2.799228191E0,-1.073199034E0,-3.043855429E-1
9.709836208E0,-2.886807203E0,-1.049486399E0,-3.938808143E-1
9.719850208E0,-2.902784824E0,-1.027196884E0,-5.040491819E-1
9.729864208E0,-2.878152370E0,-1.004069924E0,-6.055470705E-1
9.739879208E0,-2.839272022E0,-9.450289011E-1,-6.778165698E-1
9.749893208E0,-2.826244593E0,-8.851714730E-1,-6.917502284E-1
9.759907208E0,-2.898847818E0,-8.278536797E-1,-6.645150185E-1
9.769922208E0,-3.068761349E0,-7.620027661E-1,-6.197952032E-1
9.779936208E0,-3.262506962E0,-6.803549528E-1,-5.668588877E-1
9.789950208E0,-3.426714182E0,-5.301793218E-1,-5.182924271E-1
9.799965208E0,-3.557547092E0,-4.367085397E-1,-4.900512993E-1
9.809979208E0,-3.566407919E0,-4.187401831E-1,-4.639507234E-1
9.819993208E0,-3.444555998E0,-5.443067551E-1,-4.426910579E-1
9.830008208E0,-3.173651695E0,-8.183305860E-1,-4.404744804E-1
9.840022208E0,-2.798766613E0,-1.220418811E0,-4.549151361E-1
9.850036208E0,-2.403181791E0,-1.669712901E0,-4.394203126E-1
9.860050208E0,-2.048471212E0,-2.032830238E0,-3.513307273E-1
9.870065208E0,-1.786600709E0,-2.125194788E0,-2.131829709E-1
9.880079208E0,-1.649503946E0,-1.852097392E0,-2.867028676E-2
9.890093208E0,-1.552769065E0,-1.341938019E0,1.694388092E-1
9.900108208E0,-1.464115500E0,-8.512178659E-1,3.632841110E-1
9.910122208E0,-1.283352137E0,-5.102525353E-1,5.041152239E-1
9.920137125E0,-9.956399202E-1,-3.397819698E-1,5.457038879E-1
9.930152125E0,-6.479719281E-1,-3.183349967E-1,4.762358963E-1
9.940166125E0,-2.522747815E-1,-4.514249861E-1,3.461425304E-1
9.950180125E0,1.815107465E-1,-7.619381547E-1,2.484857440E-1
9.960195125E0,5.491703153E-1,-1.170128345E0,2.353438139E-1
9.970209125E0,8.212604523E-1,-1.412758827E0,2.558147311E-1
9.980223125E0,9.338564873E-1,-1.435889959E0,2.208920419E-1
9.990238125E0,9.299376011E-1,-1.247198701E0,1.651526093E-1
1.000025213E1,1.070289850E0,-7.265579700E-1,1.319960803E-1
1.001026613E1,1.288058639E0,-2.017743587E-1,4.935659468E-2
1.002028013E1,1.397882581E0,1.629533917E-1,-6.644722819E-2
1.003029513E1,1.370225668E0,2.483873218E-1,-5.769741535E-2
1.004030913E1,1.264369130E0,2.234679759E-1,4.519517720E-2
1.005032313E1,1.110190749E0,4.170617461E-2,7.573950291E-2
1.006033813E1,1.009565592E0,-3.328569531E-1,-2.507832088E-2
1.007035213E1,1.000473619E0,-8.415936828E-1,-2.320701182E-1
1.008036613E1,1.131238699E0,-1.322439909E0,-4.756127596E-1
1.009038113E1,1.358447313E0,-1.506930470E0,-6.896411777E-1
1.010039513E1,1.424760222E0,-1.408593416E0,-8.704829812E-1
1.011040912E1,1.170061469E0,-1.020050168E0,-1.037299633E0
1.012042413E1,7.468292713E-1,-5.502187610E-1,-1.226699471E0
1.013043813E1,2.914500237E-1,-2.934545875E-1,-1.494256616E0
1.014045213E1,-1.633415557E-2,-3.516517878E-1,-1.771240711E0
1.015046613E1,-1.561996490E-1,-5.181611776E-1,-1.939118862E0
1.016048112E1,-3.339006603E-1,-7.485657930E-1,-2.087430716E0
1.017049513E1,-5.381741524E-1,-9.541762471E-1,-2.239176512E0
1.018050913E1,-7.140295506E-1,-1.104619741E0,-2.403767109E0
1.019052413E1,-8.676307797E-1,-1.236341596E0,-2.582845449E0
1.020053813E1,-9.838935733E-1,-1.386001229E0,-2.727451563E0
1.021055213E1,-1.135104656E0,-1.471726537E0,-2.776103258E0
1.022056713E1,-1.324414015E0,-1.439814448E0,-2.701407671E0
1.023058113E1,-1.441349149E0,-1.387965322E0,-2.541915894E0
1.024059513E1,-1.389264107E0,-1.250498056E0,-2.339942217E0
1.025061013E1,-1.341738939E0,-1.061349988E0,-2.227398872E0
1.026062413E1,-1.406852484E0,-8.361382484E-1,-2.166031599E0
1.027063813E1,-1.558242559E0,-6.624866128E-1,-2.139510632E0
1.028065213E1,-1.778764248E0,-5.614119768E-1,-2.175629616E0
1.029066713E1,-2.001704693E0,-6.119238734E-1,-2.247893810E0
1.030068113E1,-2.072924376E0,-8.883385062E-1,-2.297271967E0
1.031069513E1,-2.071314096E0,-1.264049053E0,-2.308813572E0
1.032071013E1,-2.130624771E0,-1.542310834E0,-2.299871683E0
1.033072413E1,-2.189309835E0,-1.702105880E0,-2.271135330E0
1.034073812E1,-2.288953066E0,-1.735312819E0,-2.253538847E0
1.035075313E1,-2.382508755E0,-1.558812380E0,-2.282907724E0
1.036076713E1,-2.495060682E0,-1.179562092E0,-2.332342386E0
1.037078113E1,-2.623957396E0,-7.267180085E-1,-2.359666824E0
1.038079613E1,-2.660538197E0,-2.665822804E-1,-2.338970184E0
1.039081012E1,-2.632565260E0,1.219942421E-1,-2.261299610E0
1.040082413E1,-2.573821306E0,4.159311652E-1,-2.157016277E0
1.041083913E1,-2.453960657E0,5.388022065E-1,-2.040388823E0
1.042085313E1,-2.232965231E0,4.850846529E-1,-1.906294584E0
1.043086713E1,-1.947975397E0,2.675089240E-1,-1.785754323E0
1.044088113E1,-1.630085707E0,1.490249857E-2,-1.668228745E0
1.045089613E1,-1.317803502E0,-1.635295451E-1,-1.552547693E0
1.046091013E1,-1.097726107E0,-2.611666322E-1,-1.403126836E0
1.047092413E1,-9.526062608E-1,-2.173296660E-1,-1.213184357E0
1.048093913E1,-8.484744430E-1,-5.034127086E-2,-1.004394174E0
1.049095313E1,-7.729700804E-1,6.797871739E-2,-8.279976845E-1
1.050096713E1,-6.838756204E-1,1.070243344E-1,-6.530009508E-1
1.051098213E1,-5.224286914E-1,-6.177320704E-2,-5.086826682E-1
1.052099613E1,-2.696242630E-1,-4.210178256E-1,-3.735594153E-1
1.053101013E1,3.070814908E-2,-9.064319134E-1,-2.475918978E-1
1.054102513E1,2.609433532E-1,-1.264649868E0,-1.051826179E-1
1.055103913E1,3.726904094E-1,-1.282128453E0,5.894240737E-2
1.056105313E1,4.084648192E-1,-1.088460445E0,2.480778843E-1
1.057106712E1,4.921820760E-1,-7.854002714E-1,4.232782125E-1
1.058108213E1,6.827521920E-1,-5.080469847E-1,5.622439981E-1
1.059109613E1,9.438953400E-1,-3.029585779E-1,7.044490576E-1
1.060111013E1,1.176243067E0,-2.028601915E-1,8.624464273E-1
1.061112513E1,1.362718701E0,-1.582383960E-1,1.039628148E0
1.062113912E1,1.508805394E0,-1.522172689E-1,1.241097093E0
1.063115313E1,1.658113599E0,-9.244688600E-2,1.459576726E0
1.064116813E1,1.815397978E0,9.790352732E-2,1.664158344E0
1.065118213E1,1.901880860E0,4.114494622E-1,1.856011391E0
1.066119613E1,1.908115387E0,8.064975142E-1,2.018363714E0
1.067121112E1,1.866341829E0,1.243730783E0,2.145222425E0
1.068122513E1,1.805040359E0,1.572517633E0,2.227479458E0
1.069123913E1,1.841157913E0,1.666875601E0,2.279929638E0
1.070125313E1,2.053165674E0,1.543030143E0,2.330709457E0
1.071126813E1,2.321480989E0,1.320705414E0,2.456342220E0
1.072128213E1,2.390624046E0,1.113209963E0,2.623466730E0
1.073129613E1,2.301052094E0,1.073961616E0,2.773566484E0
1.074131113E1,2.083271980E0,1.232246399E0,2.853525877E0
1.075132513E1,1.756793499E0,1.510882258E0,2.829868078E0
1.076133913E1,1.439664602E0,1.823919654E0,2.711462021E0
1.077135413E1,1.311703444E0,1.955338717E0,2.585522890E0
1.078136813E1,1.534348845E0,1.713717937E0,2.567734003E0
1.079138213E1,1.877804160E0,1.114853501E0,2.679362059E0
1.080139713E1,2.150987864E0,5.630802512E-1,2.815075397E0
1.081141113E1,2.328159809E0,2.616991103E-1,2.827876329E0
1.082142513E1,2.360425234E0,3.884479403E-1,2.734833241E0
1.083143913E1,2.080424547E0,1.052217722E0,2.624947548E0
1.084145413E1,1.542611837E0,1.751596451E0,2.621679544E0
1.085146812E1,1.211495399E0,2.051569223E0,2.700266361E0
1.086148213E1,1.167751312E0,1.796946049E0,2.742780685E0
1.087149713E1,1.236096859E0,1.198557973E0,2.641758680E0
1.088151113E1,1.240341306E0,5.213984847E-1,2.404799700E0
1.089152513E1,1.249826670E0,1.022808403E-1,2.079874039E0
1.090154012E1,1.125590324E0,1.770256758E-1,1.675380468E0
1.091155413E1,7.403850555E-1,6.752730012E-1,1.270136118E0
1.092156758E1,2.563615739E-1,1.232878208E0,1.028768301E0
1.093158158E1,1.325383503E-2,1.364437103E0,9.285588264E-1
1.094159658E1,-2.224169672E-2,1.123620152E0,8.369098902E-1
1.095161058E1,7.185965776E-3,7.113499641E-1,6.608605981E-1
1.096162458E1,-6.885370705E-3,3.336988986E-1,4.145302773E-1
1.097163958E1,-7.722558081E-2,4.384737834E-2,1.306919307E-1
1.098165358E1,-1.650642157E-1,-1.117399633E-1,-1.763726026E-1
1.099166758E1,-2.841727734E-1,-1.569370031E-1,-4.723643064E-1
1.100168258E1,-2.871590257E-1,-2.536763549E-1,-7.268666029E-1
1.101169658E1,-7.799278200E-2,-3.812034130E-1,-9.386014342E-1
1.102171058E1,2.022115439E-1,-4.898815155E-1,-1.073400378E0
1.103172558E1,4.520940781E-1,-5.747551918E-1,-1.142300129E0
1.104173958E1,6.041003466E-1,-6.225913763E-1,-1.185050488E0
1.105175358E1,6.727565527E-1,-5.948681831E-1,-1.173142552E0
1.106176758E1,6.395608783E-1,-5.328204632E-1,-1.112574816E0
1.107178258E1,5.500861406E-1,-4.306446016E-1,-1.030384898E0
1.108179658E1,4.818280637E-1,-2.399246991E-1,-9.165766835E-1
1.109181058E1,5.463343859E-1,-4.358261079E-2,-7.765660286E-1
1.110182558E1,8.167745471E-1,-5.214101821E-2,-6.786334515E-1
1.111183958E1,1.315701604E0,-2.790468633E-1,-5.744380951E-1
1.112185358E1,1.931722879E0,-6.360328197E-1,-4.410406351E-1
1.113186858E1,2.425189972E0,-9.808877110E-1,-2.382840514E-1
1.114188258E1,2.615674973E0,-1.115393996E0,-4.709919170E-2
1.115189658E1,2.553907633E0,-9.650737047E-1,4.601344094E-2
1.116191158E1,2.335120678E0,-6.897087097E-1,7.889613509E-2
1.117192558E1,2.048166752E0,-3.896631598E-1,2.294791490E-2
1.118193958E1,1.809393167E0,-1.734152883E-1,-4.620084912E-2
1.119195358E1,1.743234873E0,-9.987528622E-2,-1.168755516E-1
1.120196858E1,1.783508897E0,-2.063038349E-1,-1.395440847E-1
1.121198258E1,1.915282965E0,-4.194637537E-1,-8.530588448E-2
1.122199658E1,2.085789204E0,-6.128098965E-1,2.007505298E-2
1.123201158E1,2.202615261E0,-8.039444685E-1,1.150300652E-1
1.124202558E1,2.217833757E0,-6.600095630E-1,3.931985795E-1
1.125203958E1,2.285502672E0,-5.595687032E-1,4.929760396E-1
1.126205458E1,2.210317373E0,-3.975051045E-1,5.986423492E-1
1.127206858E1,2.044168234E0,-1.047741696E-1,7.282575965E-1
1.128208258E1,1.827263117E0,6.768599898E-2,9.210566878E-1
1.129209658E1,1.709473372E0,2.795669064E-2,1.138528466E0
1.130211158E1,1.750469089E0,-2.754575908E-1,1.377461314E0
1.131212558E1,1.876069903E0,-6.873066425E-1,1.576403141E0
1.132213958E1,1.981805801E0,-1.120070815E0,1.720507026E0
1.133215458E1,1.980500817E0,-1.158338785E0,1.851233721E0
1.134216858E1,1.785580039E0,-6.652002335E-1,1.960547209E0
1.135218258E1,1.362491131E0,8.254563808E-2,2.024358034E0
1.136219758E1,8.174234629E-1,7.306688428E-1,2.134785175E0
1.137221158E1,3.590553701E-1,9.459228516E-1,2.255048752E0
1.138222558E1,1.227152795E-1,6.655808091E-1,2.302861214E0
1.139223958E1,1.569828950E-2,3.658450022E-2,2.317964792E0
1.140225458E1,-1.746422052E-1,-6.859642863E-1,2.302846909E0
1.141226858E1,-4.761829078E-1,-1.180282354E0,2.232789993E0
1.142228258E1,-8.562694788E-1,-1.289797544E0,2.096243382E0
1.143229758E1,-1.304629326E0,-1.193849802E0,1.930593252E0
1.144231158E1,-1.711835384E0,-1.095572591E0,1.787919641E0
1.145232558E1,-2.047549963E0,-1.081815243E0,1.687729478E0
1.146234058E1,-2.310847044E0,-1.121481061E0,1.643842220E0
1.147235458E1,-2.460907221E0,-1.160911083E0,1.660691261E0
1.148236858E1,-2.557377815E0,-1.198748589E0,1.705238342E0
1.149238258E1,-2.666746855E0,-1.260075331E0,1.744905114E0
1.150239758E1,-2.816116810E0,-1.409203529E0,1.729667425E0
1.151241158E1,-3.043015718E0,-1.595278144E0,1.650151610E0
1.152242558E1,-3.306098461E0,-1.832842469E0,1.539018154E0
1.153244058E1,-3.474661827E0,-2.121145725E0,1.444745898E0
1.154245458E1,-3.650134325E0,-2.350990772E0,1.413570404E0
1.155246858E1,-3.840217829E0,-2.463074207E0,1.454903722E0
1.156248358E1,-3.927801609E0,-2.453124762E0,1.488297582E0
1.157249758E1,-3.996249914E0,-2.416832447E0,1.448859334E0
1.158251158E1,-4.143094063E0,-2.362833500E0,1.309541941E0
1.159252558E1,-4.370696545E0,-2.339082003E0,1.135683537E0
1.160254058E1,-4.561818123E0,-2.324514151E0,9.699885249E-1
1.161255458E1,-4.697854519E0,-2.313612223E0,8.329768777E-1
1.162256858E1,-4.735684395E0,-2.216094732E0,7.138645649E-1
1.163258358E1,-4.758050442E0,-2.006812572E0,5.559010506E-1
1.164259758E1,-4.803389549E0,-1.757437825E0,4.061309993E-1
1.165261158E1,-4.865958214E0,-1.537425637E0,2.937117815E-1
1.166262658E1,-4.929213524E0,-1.317449450E0,2.129157186E-1
1.167264058E1,-4.958670616E0,-1.141117215E0,9.004146606E-2
1.168265458E1,-4.927930355E0,-1.023567677E0,-9.412394464E-2
1.169266858E1,-4.809272766E0,-1.086002350E0,-2.658597529E-1
1.170268358E1,-4.667463779E0,-1.270119905E0,-3.604865968E-1
1.171269758E1,-4.450304031E0,-1.178843260E0,-4.033352733E-1
1.172271158E1,-4.082894325E0,-8.925519586E-1,-3.738510907E-1
1.173272658E1,-3.748920918E0,-6.764782667E-1,-3.730175197E-1
1.174274058E1,-3.460235834E0,-5.195056796E-1,-3.771169782E-1
1.175275458E1,-3.336422920E0,-5.428581834E-1,-3.199921846E-1
1.176276958E1,-3.307111263E0,-8.219888210E-1,-2.304096669E-1
1.177278358E1,-3.240221977E0,-1.377901316E0,-1.634191722E-1
1.178279758E1,-3.054373026E0,-2.108393192E0,-1.194874942E-1
1.179281158E1,-2.758882999E0,-2.839215040E0,-5.661025643E-2
1.180282658E1,-2.350198746E0,-3.083324194E0,5.618479848E-2
1.181284058E1,-1.897652984E0,-2.723478556E0,2.498256266E-1
1.182285458E1,-1.409557104E0,-1.879234195E0,4.949896336E-1
1.183286958E1,-9.271417856E-1,-9.025645852E-1,7.240315676E-1
1.184288358E1,-3.919246793E-1,-1.298688650E-1,8.838573098E-1
1.185289758E1,2.021924704E-1,3.447165489E-1,1.019185305E0
1.186291258E1,7.256647348E-1,5.031781197E-1,1.170625687E0
1.187292658E1,1.256826401E0,4.931145310E-1,1.373033643E0
1.188294058E1,1.714580059E0,3.789813817E-1,1.594630361E0
1.189295458E1,2.030149937E0,2.892136872E-1,1.773604870E0
1.190296958E1,2.315282822E0,1.928780973E-1,1.889390111E0
1.191298358E1,2.624857426E0,-3.415186331E-2,2.043281555E0
1.192299771E1,2.881146193E0,-3.411317170E-1,2.156830072E0
1.193301271E1,3.019353867E0,-5.406602621E-1,2.270406008E0
1.194302671E1,3.077168941E0,-6.539722681E-1,2.403829098E0
1.195304071E1,3.016146183E0,-5.809883475E-1,2.380126715E0
1.196305471E1,2.771768332E0,-3.775499165E-1,2.210680723E0
1.197306971E1,2.480362892E0,-9.140712023E-2,1.984967947E0
1.198308371E1,2.231174231E0,1.309985369E-1,1.779722810E0
1.199309771E1,2.037465811E0,1.836561561E-1,1.666340828E0
1.200311271E1,1.992770672E0,7.288739085E-2,1.648966312E0
1.201312671E1,2.007554770E0,-5.368360505E-2,1.629163027E0
1.202314071E1,1.900380373E0,-5.028770119E-2,1.538801432E0
1.203315571E1,1.734233975E0,1.591262519E-1,1.407592893E0
1.204316971E1,1.495969653E0,5.412866473E-1,1.226724386E0
1.205318371E1,1.165143013E0,9.498149753E-1,1.024385095E0
1.206319771E1,8.063606620E-1,1.208716154E0,8.370712996E-1
1.207321271E1,4.576788843E-1,1.184590578E0,6.571148634E-1
1.208322671E1,1.566357464E-1,8.878083229E-1,5.116904974E-1
1.209324071E1,-5.161386728E-2,3.995786905E-1,4.144193530E-1
1.210325571E1,-2.226989418E-1,-1.429774910E-1,3.653556108E-1
1.211326971E1,-3.460706770E-1,-5.471044779E-1,3.471694291E-1
1.212328371E1,-4.853348136E-1,-7.937651873E-1,3.199102581E-1
1.213329771E1,-6.467761993E-1,-7.441435456E-1,3.077390790E-1
1.214331271E1,-8.775192499E-1,-4.856429398E-1,3.408872187E-1
1.215332671E1,-1.077370286E0,-5.605320632E-2,3.764598668E-1
1.216334071E1,-1.220891118E0,3.223168850E-1,4.319810867E-1
1.217335571E1,-1.358123541E0,5.310802460E-1,5.345223546E-1
1.218336971E1,-1.492359161E0,5.551351905E-1,7.029718161E-1
1.219338371E1,-1.545610666E0,4.044010639E-1,9.030726552E-1
1.220339871E1,-1.538842082E0,8.875431120E-2,1.071212530E0
1.221341271E1,-1.573040247E0,-3.172414005E-1,1.207790375E0
1.222342671E1,-1.636229753E0,-6.939931512E-1,1.367131948E0
1.223344071E1,-1.717461467E0,-9.058236480E-1,1.518124700E0
1.224345571E1,-1.759587049E0,-1.011766911E0,1.672185779E0
1.225346971E1,-1.671285987E0,-1.069167614E0,1.860606551E0
1.226348371E1,-1.535824656E0,-1.164794087E0,2.133289576E0
1.227349871E1,-1.407948017E0,-1.196490288E0,2.416832447E0
1.228351271E1,-1.272525907E0,-1.157997727E0,2.677586794E0
1.229352671E1,-1.122415781E0,-1.044380665E0,2.826206684E0
1.230354071E1,-9.639295340E-1,-9.228338599E-1,2.811855316E0
1.231355571E1,-8.178330660E-1,-7.050842643E-1,2.637054443E0
1.232356971E1,-7.326873541E-1,-3.096709847E-1,2.339148283E0
1.233358371E1,-7.925927639E-1,7.759203762E-2,1.994163275E0
1.234359871E1,-9.112580419E-1,3.889169395E-1,1.649988532E0
1.235361271E1,-9.727794528E-1,5.885568261E-1,1.396188855E0
1.236362671E1,-9.979408383E-1,6.917321086E-1,1.264550805E0
1.237364171E1,-9.357448816E-1,6.784948707E-1,1.188244820E0
1.238365571E1,-8.334184885E-1,6.151856184E-1,1.102619886E0
1.239366971E1,-6.836729646E-1,4.999211133E-1,1.007850766E0
1.240368371E1,-4.438272119E-1,3.094253838E-1,9.339771271E-1
1.241369871E1,-1.594263613E-1,5.348975211E-2,8.779540658E-1
1.242371271E1,1.051141098E-1,-1.670944095E-1,8.290180564E-1
1.243372671E1,2.763140798E-1,-3.403947949E-1,7.167913914E-1
1.244374171E1,3.842636645E-1,-4.302937090E-1,5.052466989E-1
1.245375571E1,4.632868469E-1,-3.802755475E-1,1.714929491E-1
1.246376971E1,4.604669511E-1,-1.761703640E-1,-1.923365593E-1
1.247378371E1,4.241299927E-1,8.301273733E-2,-5.022107959E-1
1.248379871E1,4.687916040E-1,2.826844454E-1,-7.379392385E-1
1.249381271E1,5.794243813E-1,3.353873491E-1,-9.515594244E-1
1.250382671E1,7.270109653E-1,2.907572687E-1,-1.170412540E0
1.251384171E1,9.448596835E-1,2.670042813E-1,-1.326665759E0
1.252385571E1,1.145233512E0,2.467100918E-1,-1.452127457E0
1.253386971E1,1.327101827E0,2.609819770E-1,-1.569426656E0
1.254388371E1,1.481892586E0,3.287673891E-1,-1.679520011E0
1.255389871E1,1.580107808E0,4.589461684E-1,-1.757026792E0
1.256391271E1,1.580970287E0,5.322937965E-1,-1.790646911E0
1.257392671E1,1.545131683E0,6.158555150E-1,-1.757928133E0
1.258394171E1,1.583176494E0,6.090648770E-1,-1.603386045E0
1.259395571E1,1.601255894E0,4.366009533E-1,-1.466961980E0
1.260396971E1,1.618398070E0,1.352436393E-1,-1.437411308E0
1.261398371E1,1.602689147E0,-2.775921226E-1,-1.471605301E0
1.262399871E1,1.539218426E0,-8.598415852E-1,-1.527815938E0
1.263401271E1,1.561106205E0,-1.255076289E0,-1.542923570E0
1.264402671E1,1.642226338E0,-1.208407044E0,-1.494087338E0
1.265404171E1,1.563939333E0,-7.347695231E-1,-1.429879189E0
1.266405571E1,1.305066109E0,-6.334052980E-2,-1.256340981E0
1.267406971E1,9.706988931E-1,5.414303541E-1,-9.803586602E-1
1.268408371E1,7.363458276E-1,8.728652596E-1,-7.302535176E-1
1.269409871E1,6.693034172E-1,8.411257267E-1,-5.662283301E-1
1.270411271E1,6.464574933E-1,4.987226725E-1,-3.972420990E-1
1.271412671E1,5.905936956E-1,7.169162389E-3,-2.270924896E-1
1.272414171E1,5.368897915E-1,-4.447515011E-1,-7.740063965E-2
1.273415571E1,4.629492462E-1,-7.697919011E-1,1.674210280E-2
1.274416971E1,3.596390188E-1,-8.362925649E-1,1.020413116E-1
1.275418471E1,2.222207189E-1,-7.262067795E-1,1.955488920E-1
1.276419871E1,1.031875163E-1,-5.324339271E-1,2.574013472E-1
1.277421271E1,1.812375709E-2,-3.287397027E-1,2.845054269E-1
1.278422671E1,-9.322212636E-2,-1.578182578E-1,3.355126381E-1
1.279424171E1,-1.864066720E-1,-7.381869853E-2,4.231106639E-1
1.280425571E1,-2.215032578E-1,-5.493670329E-2,4.977102876E-1
1.281426971E1,-2.567139566E-1,-9.242922068E-2,5.633766055E-1
1.282428471E1,-2.703211904E-1,-1.377667636E-1,6.161831617E-1
1.283429871E1,-2.934693992E-1,-1.396296471E-1,6.528546214E-1
1.284431271E1,-3.473564684E-1,-6.302958727E-2,7.038576603E-1
1.285432671E1,-3.219065070E-1,1.404503137E-1,7.942714691E-1
1.286434171E1,-2.140639275E-1,4.184836149E-1,9.104102254E-1
1.287435571E1,-7.085430622E-2,6.008845568E-1,9.688346386E-1
1.288436971E1,2.369039953E-1,5.937664509E-1,1.090209365E0
1.289438471E1,6.837171912E-1,2.538810372E-1,1.301135898E0
1.290439871E1,1.122187734E0,-3.099319935E-1,1.479743123E0
1.291441271E1,1.562456727E0,-8.082619309E-1,1.617028236E0
1.292442671E1,1.798993230E0,-1.120400548E0,1.741028190E0
1.293444171E1,1.894721985E0,-1.226402640E0,1.874821424E0
1.294445571E1,1.909538388E0,-1.100405335E0,1.835455656E0
1.295446971E1,1.812325358E0,-7.751314640E-1,1.633738041E0
1.296448471E1,1.725802779E0,-3.968684375E-1,1.434328437E0
1.297449871E1,1.746059537E0,-9.297274798E-2,1.198959351E0
1.298451271E1,1.865149379E0,7.260251790E-2,1.086707115E0
1.299452671E1,2.005018950E0,6.750921905E-2,1.058144212E0
1.300454171E1,2.169919968E0,1.365258545E-2,1.026092529E0
1.301455571E1,2.298950434E0,-1.920248149E-3,9.656640291E-1
1.302456971E1,2.378478050E0,-3.577797860E-2,8.974984288E-1
1.303458471E1,2.509064436E0,-7.800932229E-2,8.423970938E-1
1.304459871E1,2.657100201E0,-1.430243403E-1,7.823368907E-1
1.305461271E1,2.661226749E0,-1.398570389E-1,6.910791993E-1
1.306462671E1,2.576740742E0,-3.797985613E-2,6.575348377E-1
1.307464171E1,2.445593596E0,4.376560822E-2,5.740069151E-1
1.308465571E1,2.311666489E0,8.730056882E-2,4.817955196E-1
1.309466971E1,2.191144466E0,-3.209932894E-2,4.618585706E-1
1.310468471E1,2.166378021E0,-1.829658598E-1,4.800036252E-1
1.311469871E1,2.118749857E0,-2.800117135E-1,4.477333128E-1
1.312471271E1,1.953217626E0,-2.205682695E-1,3.501013517E-1
1.313472671E1,1.670559764E0,-1.254049875E-2,2.112625092E-1
1.314474171E1,1.354522467E0,2.372722328E-1,6.821496040E-2
1.315475571E1,1.078568935E0,4.258144498E-1,-9.377714247E-2
1.316476971E1,8.667058945E-1,5.015147924E-1,-2.048699558E-1
1.317478471E1,6.682705879E-1,4.400136471E-1,-2.622331083E-1
1.318479871E1,4.825915098E-1,3.188558519E-1,-2.956649661E-1
1.319481271E1,3.010113239E-1,1.929999441E-1,-3.642778397E-1
1.320482671E1,1.297005117E-1,9.624262154E-2,-4.202872813E-1
1.321484171E1,-6.818833202E-2,3.537953645E-2,-4.906967580E-1
1.322485571E1,-2.922839224E-1,-3.310544416E-2,-5.707377195E-1
1.323486971E1,-4.980520010E-1,-8.680436015E-2,-6.756228805E-1
1.324488371E1,-6.906921864E-1,-1.388344914E-1,-7.920741439E-1
1.325489871E1,-9.273979664E-1,-1.815790236E-1,-9.211522341E-1
1.326491271E1,-1.152659893E0,-1.631236225E-1,-1.062498331E0
1.327492671E1,-1.353080034E0,-1.086790338E-1,-1.182262301E0
1.328494171E1,-1.523771405E0,-6.067145988E-2,-1.252898216E0
1.329495571E1,-1.743391871E0,-3.526730090E-2,-1.294187665E0
1.330496971E1,-1.979320884E0,-3.246991336E-2,-1.370388031E0
1.331498371E1,-2.215537548E0,-1.237982418E-2,-1.446952224E0
1.332499871E1,-2.428719521E0,1.654876024E-2,-1.527817726E0
1.333501271E1,-2.599571943E0,9.357137233E-2,-1.595526934E0
1.334502671E1,-2.730302334E0,2.167673111E-1,-1.651200652E0
1.335504171E1,-2.826650381E0,4.104177356E-1,-1.709074616E0
1.336505571E1,-2.959403276E0,5.473267436E-1,-1.772538662E0
1.337506971E1,-3.084349871E0,6.212872863E-1,-1.815510869E0
1.338508371E1,-3.114159346E0,6.114028692E-1,-1.817526460E0
1.339509871E1,-3.097388744E0,5.894851089E-1,-1.785205603E0
1.340511271E1,-3.067662716E0,5.981591940E-1,-1.759518862E0
1.341512671E1,-3.084190369E0,6.909615993E-1,-1.713394523E0
1.342514171E1,-3.138020515E0,8.384243250E-1,-1.632301450E0
1.343515571E1,-3.172885418E0,8.916385770E-1,-1.528357744E0
1.344516971E1,-3.094739199E0,8.189580441E-1,-1.390038490E0
1.345518371E1,-2.904257536E0,6.010363698E-1,-1.221334219E0
1.346519871E1,-2.612234354E0,3.748875260E-1,-1.034169197E0
1.347521271E1,-2.336650372E0,1.181531921E-1,-8.466919661E-1
1.348522671E1,-2.053420544E0,-8.529251069E-2,-6.935359240E-1
1.349524071E1,-1.756742358E0,-2.205725610E-1,-5.853250623E-1
1.350525571E1,-1.412637353E0,-3.298641145E-1,-5.128001571E-1
1.351526971E1,-1.063484311E0,-4.315808713E-1,-4.276820719E-1
1.352528371E1,-7.351512313E-1,-4.761153758E-1,-3.578953445E-1
1.353529871E1,-4.493030310E-1,-4.246817529E-1,-3.187511265E-1
1.354531271E1,-2.363891602E-1,-3.357242942E-1,-3.252119720E-1
1.355532671E1,-1.285727881E-2,-2.126388699E-1,-3.318658769E-1
1.356534071E1,2.601833045E-1,-1.313931495E-1,-2.873255610E-1
1.357535571E1,5.581949949E-1,-1.209474429E-1,-1.900195181E-1
1.358536971E1,8.509982228E-1,-1.399838179E-1,-7.798010111E-2
1.359538371E1,1.126259089E0,-1.943133771E-1,-8.709155954E-3
1.360539871E1,1.353483915E0,-3.223301768E-1,-5.083983392E-2
1.361541271E1,1.544597149E0,-4.623039663E-1,-2.564398348E-1
1.362542671E1,1.761109352E0,-5.696270466E-1,-5.034400821E-1
1.363544071E1,1.925096154E0,-6.124264002E-1,-7.006346583E-1
1.364545571E1,2.082076550E0,-4.964050055E-1,-8.679357767E-1
1.365546971E1,2.200022221E0,-3.173126876E-1,-1.003170609E0
1.366548371E1,2.317140341E0,-2.056778520E-1,-1.095196009E0
1.367549771E1,2.458788157E0,-1.760645658E-1,-1.113663077E0
1.368551271E1,2.586897135E0,-1.532873064E-1,-1.041872978E0
1.369552671E1,2.670198441E0,-1.125944704E-1,-9.279597402E-1
1.370554071E1,2.683777094E0,-1.831460893E-1,-8.079906106E-1
1.371555571E1,2.636215687E0,-4.329988062E-1,-7.209606171E-1
1.372556971E1,2.594924450E0,-6.593015194E-1,-7.098430395E-1
1.373558371E1,2.559721231E0,-6.510574222E-1,-7.000596523E-1
1.374559771E1,2.394779205E0,-5.317225456E-1,-6.060799360E-1
1.375561271E1,2.159711838E0,-3.021369874E-1,-4.279147387E-1
1.376562671E1,1.943711758E0,-7.528738678E-2,-2.255168110E-1
1.377564071E1,1.800171137E0,6.708094478E-2,-8.456821740E-2
1.378565471E1,1.668525338E0,7.004841417E-2,-3.741461039E-2
1.379566971E1,1.503634214E0,-1.055756062E-1,-2.213259228E-2
1.380568371E1,1.321950912E0,-2.169505954E-1,-3.344224021E-2
1.381569771E1,1.066413641E0,-1.554757953E-1,-3.569953516E-2
1.382571271E1,7.169159651E-1,-2.741673216E-2,-1.117344201E-2
1.383572671E1,3.694195151E-1,1.457306184E-2,1.398117933E-2
1.384574071E1,1.442553997E-1,-5.318693817E-2,2.494220994E-2
1.385575471E1,3.386166180E-3,-1.848134100E-1,9.035982937E-2
1.386576971E1,-1.588677764E-1,-3.160993457E-1,1.743350178E-1
1.387578371E1,-3.043756783E-1,-3.318665922E-1,2.255478650E-1
1.388579771E1,-4.744917154E-1,-2.122792006E-1,2.775220871E-1
1.389581171E1,-6.864686608E-1,-8.196567744E-2,3.357084394E-1
1.390582671E1,-8.451998234E-1,-3.636684269E-3,3.550131917E-1
1.391584071E1,-9.501718283E-1,9.086505324E-2,3.600553572E-1
1.392585521E1,-1.137461901E0,2.001673430E-1,4.063117802E-1
1.393587021E1,-1.342772722E0,2.776357830E-1,4.446572959E-1
1.394588421E1,-1.493547201E0,3.263576329E-1,4.258372784E-1
1.395589821E1,-1.620285988E0,3.347937167E-1,4.217413366E-1
1.396591221E1,-1.746039271E0,3.167597055E-1,4.451999366E-1
1.397592721E1,-1.831201077E0,2.470706403E-1,5.010797381E-1
1.398594121E1,-1.912184715E0,1.114937067E-1,5.758003592E-1
1.399595521E1,-2.022585869E0,-4.695132747E-2,6.953613758E-1
1.400596921E1,-2.122474670E0,-1.825482696E-1,7.997932434E-1
1.401598421E1,-2.159024715E0,-1.722753942E-1,8.879933953E-1
1.402599821E1,-2.238811255E0,-8.389049023E-2,9.453591704E-1
1.403601221E1,-2.264133930E0,8.831109852E-2,9.785269499E-1
1.404602721E1,-2.288437605E0,2.820788622E-1,1.008407235E0
1.405604121E1,-2.283130169E0,4.122498930E-1,1.039987564E0
1.406605521E1,-2.228769779E0,4.306910336E-1,1.055488348E0
1.407606921E1,-2.148231506E0,3.798406422E-1,1.067122459E0
1.408608421E1,-2.101414919E0,2.482690066E-1,1.070436716E0
1.409609821E1,-2.024643660E0,5.990310013E-2,1.030379891E0
1.410611221E1,-1.956760406E0,-1.783590019E-1,9.543950558E-1
1.411612621E1,-1.853174329E0,-3.834833801E-1,8.842729330E-1
1.412614121E1,-1.703519344E0,-5.053791404E-1,8.149749041E-1
1.413615521E1,-1.530226946E0,-4.831489325E-1,7.733553052E-1
1.414616921E1,-1.359373093E0,-3.558298051E-1,7.296077609E-1
1.415618321E1,-1.133999586E0,-1.950097829E-1,6.353654265E-1
1.416619821E1,-8.696050048E-1,-6.470361724E-3,5.146609545E-1
1.417621221E1,-6.085867286E-1,2.087064087E-1,4.411292374E-1
1.418622621E1,-3.901578188E-1,3.071755171E-1,3.748063445E-1
1.419624121E1,-1.502389461E-1,2.955476046E-1,2.899447083E-1
1.420625521E1,2.258870192E-2,1.742826849E-1,2.008643895E-1
1.421626921E1,1.166334450E-1,-5.654679984E-2,1.141795665E-1
1.422628321E1,2.363272905E-1,-3.622424304E-1,2.546036988E-2
1.423629821E1,4.277440906E-1,-6.346137524E-1,-7.866976410E-2
1.424631221E1,5.740908980E-1,-8.509308696E-1,-2.005200237E-1
1.425632621E1,6.685649157E-1,-9.484941959E-1,-3.678538799E-1
1.426634021E1,7.367814183E-1,-9.622477889E-1,-5.357722044E-1
1.427635521E1,7.966817617E-1,-1.002140880E0,-6.619988680E-1
1.428636921E1,8.849918842E-1,-1.061852098E0,-7.745795250E-1
1.429638321E1,9.894061685E-1,-1.076680064E0,-8.876360059E-1
1.430639721E1,1.072078824E0,-1.028092980E0,-1.015838623E0
1.431641221E1,1.169642925E0,-9.141205549E-1,-1.193232656E0
1.432642621E1,1.270870447E0,-6.979017258E-1,-1.349510789E0
1.433644021E1,1.325954676E0,-4.312812090E-1,-1.469082952E0
1.434645521E1,1.337539315E0,-1.487661302E-1,-1.594522357E0
1.435646921E1,1.294677615E0,1.154535413E-1,-1.743330717E0
1.436648321E1,1.265268564E0,3.902581632E-1,-1.920405865E0
1.437649721E1,1.175788999E0,5.967152119E-1,-2.088725567E0
1.438651221E1,1.115223527E0,6.507467031E-1,-2.196762562E0
1.439652621E1,1.077712893E0,4.138769209E-1,-2.266083956E0
1.440654021E1,1.078819513E0,1.425704956E-1,-2.294469595E0
1.441655421E1,1.008837938E0,-5.990617350E-2,-2.285897255E0
1.442656921E1,8.434938788E-1,-1.188530996E-1,-2.275047779E0
1.443658321E1,6.421146989E-1,-8.919081092E-2,-2.258990288E0
1.444659721E1,5.057454109E-1,5.309081171E-3,-2.230583429E0
1.445661121E1,4.224462807E-1,1.585082263E-1,-2.167161465E0
1.446662621E1,3.358366787E-1,3.392749727E-1,-2.067192793E0
1.447664021E1,2.876829803E-1,5.752659440E-1,-1.941792250E0
1.448665421E1,2.390810102E-1,7.863398790E-1,-1.818918705E0
1.449666821E1,2.659621537E-1,8.281810880E-1,-1.677219152E0
1.450668321E1,3.186197579E-1,6.407073736E-1,-1.511916757E0
1.451669721E1,3.081082404E-1,3.935039341E-1,-1.345644951E0
1.452671121E1,2.660399973E-1,2.413119376E-1,-1.183516502E0
1.453672521E1,2.186314613E-1,1.665024161E-1,-1.038151503E0
1.454674021E1,1.477167457E-1,1.350022852E-1,-8.859872818E-1
1.455675421E1,6.078556553E-2,1.342440844E-1,-7.345242500E-1
1.456676821E1,1.893872395E-2,8.709567785E-2,-5.659230351E-1
1.457678321E1,4.548644647E-2,-4.440215975E-2,-3.937467337E-1
1.458679721E1,8.253371716E-2,-2.133576572E-1,-2.343065739E-1
1.459681121E1,7.519084960E-2,-3.389688432E-1,-8.808572590E-2
1.460682521E1,1.985430717E-2,-3.797456324E-1,4.904543608E-2
1.461684021E1,-5.875501409E-2,-3.471975327E-1,1.705585569E-1
1.462685421E1,-1.221563369E-1,-2.929991484E-1,2.894987762E-1
1.463686821E1,-1.722466648E-1,-2.513281405E-1,4.392352700E-1
1.464688221E1,-1.874778271E-1,-2.224735767E-1,6.144177318E-1
1.465689721E1,-1.765564382E-1,-2.262100726E-1,7.966917157E-1
1.466691121E1,-1.911631972E-1,-2.208956331E-1,9.684031010E-1
1.467692521E1,-2.587869763E-1,-2.204452902E-1,1.155672789E0
1.468693921E1,-3.420605659E-1,-2.476934791E-1,1.335546136E0
1.469695421E1,-4.091061652E-1,-2.659435868E-1,1.483394742E0
1.470696821E1,-4.412442148E-1,-2.896286547E-1,1.577407122E0
1.471698221E1,-4.419206679E-1,-3.037093282E-1,1.642769814E0
1.472699621E1,-4.378446639E-1,-3.309096992E-1,1.737288833E0
1.473701121E1,-4.520443976E-1,-3.998970091E-1,1.834098458E0
1.474702521E1,-4.751632810E-1,-4.495701492E-1,1.892927885E0
1.475703921E1,-5.078034997E-1,-4.709271193E-1,1.903669834E0
1.476705321E1,-5.257675648E-1,-4.385843873E-1,1.900598764E0
1.477706821E1,-5.377908945E-1,-3.551214635E-1,1.897185087E0
1.478708221E1,-4.892736971E-1,-2.076715827E-1,1.864510417E0
1.479709621E1,-4.212424457E-1,-5.241620541E-2,1.701436520E0
1.480711021E1,-3.346827626E-1,1.809595525E-1,1.507786155E0
1.481712521E1,-3.312296867E-1,4.947089255E-1,1.390252590E0
1.482713921E1,-3.913842738E-1,7.599542141E-1,1.345636606E0
1.483715321E1,-4.018840492E-1,8.213161230E-1,1.311091185E0
1.484716821E1,-4.119551778E-1,6.053981781E-1,1.255703807E0
1.485718221E1,-4.294476211E-1,2.110300958E-1,1.197070837E0
1.486719621E1,-4.451058805E-1,-1.854693890E-1,1.088289857E0
1.487721021E1,-4.941927195E-1,-3.968690038E-1,9.357005954E-1
1.488722521E1,-6.949471831E-1,-3.848635256E-1,7.520881295E-1
1.489723921E1,-9.362913966E-1,-2.620015144E-1,5.154385567E-1
1.490725321E1,-1.157135367E0,-1.506606936E-1,2.017952353E-1
1.491726721E1,-1.377811313E0,-7.831966132E-2,-1.145552844E-1
1.492728196E1,-1.597834706E0,-2.657799795E-2,-3.870578110E-1
1.493729596E1,-1.768877268E0,4.328470677E-2,-6.177278161E-1
1.494730996E1,-1.884225726E0,9.441512823E-2,-8.143633008E-1
1.495732396E1,-1.966201067E0,1.136644632E-1,-9.832801819E-1
1.496733896E1,-2.055186033E0,1.373161525E-1,-1.107476711E0
1.497735296E1,-2.148866415E0,1.772864610E-1,-1.193490982E0
1.498736696E1,-2.210522413E0,2.582252026E-1,-1.284312606E0
1.499738096E1,-2.257700920E0,2.460579872E-1,-1.378792405E0
1.500739596E1,-2.255432367E0,2.410277724E-1,-1.434568524E0
1.501740996E1,-2.227615833E0,2.626454532E-1,-1.432462215E0
1.502742396E1,-2.141698837E0,2.387766689E-1,-1.350413442E0
1.503743796E1,-1.985809445E0,1.691770852E-1,-1.213813782E0
1.504745296E1,-1.780033588E0,6.220606342E-2,-1.046377897E0
1.505746696E1,-1.506536722E0,6.306841969E-3,-8.943838477E-1
1.506748096E1,-1.245326400E0,2.485221811E-2,-7.360348701E-1
1.507749496E1,-1.023208976E0,6.741779298E-2,-5.634977221E-1
1.508750996E1,-7.917969823E-1,6.602676213E-2,-3.627464771E-1
1.509752396E1,-5.637084246E-1,2.291657217E-2,-1.763150841E-1
1.510753796E1,-3.755967617E-1,-2.033980563E-2,-2.830006182E-2
1.511755196E1,-1.907172203E-1,-4.679964110E-2,7.582314312E-2
1.512756696E1,-4.799446464E-2,-3.961994871E-2,1.378619224E-1
1.513758096E1,8.077593520E-3,-2.264363132E-2,1.972658634E-1
1.514759496E1,6.956722587E-2,-3.826816380E-2,2.692559361E-1
1.515760896E1,1.452611834E-1,-1.113644764E-1,3.571072221E-1
1.516762396E1,2.252839208E-1,-2.498849481E-1,4.334365129E-1
1.517763796E1,3.509677947E-1,-4.155548811E-1,5.258678794E-1
1.518765196E1,5.345453620E-1,-5.519311428E-1,6.337515116E-1
1.519766596E1,7.247546911E-1,-6.177202463E-1,7.557298541E-1
1.520768096E1,9.218239188E-1,-6.409212351E-1,8.526806831E-1
1.521769496E1,1.109077215E0,-6.201784015E-1,9.369354248E-1
1.522770896E1,1.330067754E0,-5.320181847E-1,9.859397411E-1
1.523772296E1,1.565376401E0,-3.132022619E-1,9.677660465E-1
1.524773796E1,1.746269941E0,-5.477437377E-2,1.001842976E0
1.525775196E1,1.898279071E0,1.938506216E-1,1.093151093E0
1.526776596E1,2.068492174E0,3.957424760E-1,1.246178746E0
1.527777996E1,2.215285063E0,4.611063004E-1,1.361446738E0
1.528779496E1,2.301556349E0,3.900306523E-1,1.381382585E0
1.529780896E1,2.351581573E0,2.510035038E-1,1.309990525E0
1.530782296E1,2.361601830E0,1.696661711E-1,1.222921848E0
1.531783696E1,2.259069443E0,1.238094494E-1,1.167123318E0
1.532785196E1,2.093710423E0,1.376922894E-2,1.284537554E0
1.533786596E1,2.008413076E0,-2.477835417E-1,1.492566466E0
1.534787996E1,2.015820503E0,-5.296183825E-1,1.673898697E0
1.535789396E1,2.060268164E0,-6.122930050E-1,1.721729875E0
1.536790896E1,2.039633036E0,-4.002619982E-1,1.578913212E0
1.537792296E1,1.786115527E0,5.532259122E-2,1.286734581E0
1.538793696E1,1.375157118E0,6.470317245E-1,9.055893421E-1
1.539795096E1,9.311459661E-1,1.189881325E0,5.060440898E-1
1.540796596E1,5.446407199E-1,1.500142217E0,1.991066039E-1
1.541797996E1,1.925687194E-1,1.536629319E0,4.646300152E-2
1.542799396E1,-7.545102388E-2,1.422164321E0,-5.480164289E-2
1.543800796E1,-2.977847755E-1,1.168471098E0,-1.406528950E-1
1.544802296E1,-5.111192465E-1,9.297931194E-1,-2.675417364E-1
1.545803696E1,-7.159232497E-1,8.401178718E-1,-4.867124259E-1
1.546805096E1,-9.534149766E-1,9.100382328E-1,-7.773405313E-1
1.547806496E1,-1.158485532E0,1.045964360E0,-1.037932992E0
1.548807996E1,-1.236908674E0,1.081657648E0,-1.255391002E0
1.549809396E1,-1.221160293E0,9.918560386E-1,-1.429423213E0
1.550810796E1,-1.137263060E0,8.663223386E-1,-1.511774063E0
1.551812196E1,-1.149864078E0,7.579125166E-1,-1.446554899E0
1.552813696E1,-1.205012560E0,6.836856008E-1,-1.389738560E0
1.553815096E1,-1.156161308E0,6.624676585E-1,-1.415304661E0
1.554816496E1,-1.084623814E0,7.467578650E-1,-1.487933755E0
1.555817896E1,-1.084081888E0,9.677874446E-1,-1.579441786E0
1.556819296E1,-1.186379313E0,1.353980303E0,-1.673178911E0
1.557820796E1,-1.363456011E0,1.789524317E0,-1.805068612E0
1.558822196E1,-1.595609188E0,2.192580223E0,-2.004406691E0
1.559823596E1,-1.821165323E0,2.494992495E0,-2.229664803E0
1.560824996E1,-1.972891569E0,2.624990463E0,-2.449671984E0
1.561826496E1,-2.042458534E0,2.581572294E0,-2.625734329E0
1.562827896E1,-2.011620760E0,2.469350815E0,-2.761799335E0
1.563829296E1,-1.894087315E0,2.410621643E0,-2.885025740E0
1.564830696E1,-1.720380187E0,2.611896753E0,-2.993617296E0
1.565832196E1,-1.557990432E0,3.113266945E0,-3.111752510E0
1.566833596E1,-1.440604448E0,3.817788839E0,-3.259035349E0
1.567834996E1,-1.424873233E0,4.590917110E0,-3.400886774E0
1.568836396E1,-1.506612778E0,5.259727478E0,-3.476327181E0
1.569837896E1,-1.610080361E0,5.861615658E0,-3.467823267E0
1.570839296E1,-1.673997164E0,6.505422592E0,-3.385478497E0
1.571840696E1,-1.705684781E0,7.122476101E0,-3.224629641E0
1.572842096E1,-1.693351746E0,7.772607803E0,-3.057449579E0
1.573843596E1,-1.612981558E0,8.499954224E0,-2.881387949E0
1.574844996E1,-1.544713140E0,9.158888817E0,-2.701948166E0
1.575846396E1,-1.625705719E0,9.413310051E0,-2.620780468E0
1.576847796E1,-1.743559599E0,9.259308815E0,-2.622388601E0
1.577849296E1,-1.816969156E0,8.741500854E0,-2.684105873E0
1.578850696E1,-1.876790047E0,8.101108551E0,-2.732604742E0
1.579852096E1,-1.891807914E0,7.324770927E0,-2.743067741E0
1.580853496E1,-1.778479218E0,6.583235264E0,-2.722087383E0
1.581854996E1,-1.510111213E0,6.137769699E0,-2.558289289E0
1.582856396E1,-1.274040222E0,5.910168648E0,-2.303250551E0
1.583857796E1,-1.162863374E0,5.669167519E0,-2.030039549E0
1.584859196E1,-1.134354353E0,5.529405594E0,-1.790932775E0
1.585860696E1,-1.169006348E0,5.433130264E0,-1.589574337E0
1.586862096E1,-1.231834531E0,5.239795685E0,-1.442920923E0
1.587863496E1,-1.264984250E0,4.907441616E0,-1.338808656E0
1.588864896E1,-1.187124372E0,4.353055954E0,-1.208990216E0
1.589866296E1,-9.837472439E-1,3.583605289E0,-9.619916081E-1
1.590867796E1,-7.702734470E-1,3.089410543E0,-6.922185421E-1
1.591869196E1,-6.979214549E-1,3.050214529E0,-5.694950223E-1
1.592870675E1,-8.246294856E-1,3.263494492E0,-5.752138495E-1
1.593872075E1,-1.039161682E0,3.560466051E0,-6.152110100E-1
1.594873575E1,-1.223622084E0,3.799314499E0,-6.343825459E-1
1.595874975E1,-1.368962169E0,3.788707733E0,-5.816397071E-1
1.596876375E1,-1.460846305E0,3.508775711E0,-3.953122199E-1
1.597877775E1,-1.390913010E0,3.133835077E0,-1.583329886E-1
1.598879275E1,-1.203793049E0,2.799313545E0,2.609074861E-2
1.599880675E1,-9.779628515E-1,2.542601585E0,1.218937039E-1
1.600882075E1,-7.702174783E-1,2.409763813E0,1.445597559E-1
1.601883475E1,-7.034698725E-1,2.416018248E0,1.265133768E-1
1.602884975E1,-8.563500643E-1,2.605128765E0,5.433634296E-2
1.603886375E1,-1.132316947E0,2.664580107E0,-2.123245224E-2
1.604887775E1,-1.312263489E0,2.435028315E0,2.137991413E-2
1.605889175E1,-1.252508283E0,2.104398012E0,1.299359500E-1
1.606890675E1,-1.006757379E0,1.731827021E0,2.164876461E-1
1.607892075E1,-6.657893658E-1,1.445170760E0,2.627302408E-1
1.608893475E1,-3.821564019E-1,1.303974509E0,2.811522484E-1
1.609894875E1,-2.646156549E-1,1.358783603E0,3.089463413E-1
1.610896275E1,-3.058443964E-1,1.468380094E0,3.952000141E-1
1.611897775E1,-4.814921319E-1,1.519190788E0,4.880250394E-1
1.612899175E1,-6.324298382E-1,1.517422438E0,5.926477313E-1
1.613900575E1,-6.851378083E-1,1.482388854E0,6.757905483E-1
1.614901975E1,-6.410534382E-1,1.435680270E0,6.647265553E-1
1.615903475E1,-5.584214330E-1,1.361217022E0,6.059047580E-1
1.616904875E1,-5.271926522E-1,1.320860028E0,5.604483485E-1
1.617906275E1,-6.101909280E-1,1.360458136E0,5.114557147E-1
1.618907675E1,-7.565801144E-1,1.302101016E0,4.672051668E-1
1.619909175E1,-8.576031327E-1,1.131040931E0,4.761962593E-1
1.620910575E1,-8.172225356E-1,8.842071295E-1,5.993730426E-1
1.621911975E1,-6.129165292E-1,6.973711848E-1,7.707881927E-1
1.622913375E1,-3.479880691E-1,6.042438149E-1,9.428917766E-1
1.623914875E1,-1.181381121E-1,6.944594383E-1,1.090242267E0
1.624916275E1,1.034324244E-2,9.223806858E-1,1.175940990E0
1.625917675E1,4.404155165E-2,1.113784194E0,1.187111855E0
1.626919075E1,2.156297490E-2,1.236029387E0,1.123145223E0
1.627920475E1,-4.318086803E-2,1.163028955E0,1.053887129E0
1.628921975E1,-1.279209405E-1,8.752684593E-1,1.039009213E0
1.629923375E1,-1.280234754E-1,5.537290573E-1,1.033105731E0
1.630924775E1,-7.208676077E-3,3.581612110E-1,1.021476746E0
1.631926175E1,6.056158245E-2,2.725744247E-1,1.005736351E0
1.632927675E1,8.986944705E-2,2.440478653E-1,9.976395369E-1
1.633929075E1,1.594842225E-1,2.614766657E-1,9.956458807E-1
1.634930475E1,2.008229941E-1,3.250432909E-1,9.840517640E-1
1.635931875E1,1.557892114E-1,4.748482406E-1,9.804455638E-1
1.636933375E1,4.339507595E-2,6.113256216E-1,9.964506030E-1
1.637934775E1,-2.698961087E-2,7.233291268E-1,9.984778166E-1
1.638936175E1,-2.925330959E-2,7.651768923E-1,9.617548585E-1
1.639937575E1,4.025013372E-2,6.984921098E-1,8.774479628E-1
1.640939075E1,1.690429747E-1,5.503903031E-1,7.679529190E-1
1.641940475E1,3.198386133E-1,3.915391862E-1,6.940827370E-1
1.642941875E1,4.278590083E-1,3.318152428E-1,6.806207299E-1
1.643943275E1,4.245401919E-1,3.096433580E-1,6.987818480E-1
1.644944675E1,3.332012296E-1,3.461788595E-1,7.075082660E-1
1.645946175E1,2.316426635E-1,4.296498001E-1,7.186618447E-1
1.646947575E1,1.480883062E-1,5.392930508E-1,7.317284346E-1
1.647948975E1,9.492920339E-2,6.309635639E-1,7.339670658E-1
1.648950375E1,6.136451662E-2,7.033265829E-1,7.375322580E-1
1.649951875E1,4.648543149E-2,7.479539514E-1,7.480320334E-1
1.650953275E1,3.992141038E-2,7.707808018E-1,7.375701070E-1
1.651954675E1,2.520371787E-2,7.382454872E-1,7.093603015E-1
1.652956075E1,2.533264831E-2,6.418280602E-1,6.614989042E-1
1.653957575E1,3.456023708E-2,5.554060936E-1,6.105488539E-1
1.654958975E1,4.460571334E-2,4.722169936E-1,6.105585098E-1
1.655960375E1,4.781508818E-2,4.463353157E-1,6.295670867E-1
1.656961775E1,7.515651733E-2,4.835560024E-1,6.380608082E-1
1.657963175E1,1.205516905E-1,5.074136853E-1,6.272270679E-1
1.658964675E1,1.742980927E-1,5.231484175E-1,6.134466529E-1
1.659966075E1,1.969892830E-1,5.779570341E-1,6.265637875E-1
1.660967475E1,1.407867074E-1,6.522505879E-1,6.459726691E-1
1.661968875E1,5.281530321E-2,6.906933188E-1,6.571344733E-1
1.662970375E1,-1.329652220E-2,6.636567116E-1,6.188901663E-1
1.663971775E1,-1.710377634E-2,5.931414962E-1,5.577322245E-1
1.664973175E1,3.115376830E-2,4.679342806E-1,5.024255514E-1
1.665974575E1,1.020933017E-1,3.585683703E-1,4.582995474E-1
1.666975975E1,1.516370624E-1,3.186273575E-1,4.406029880E-1
1.667977475E1,1.381904930E-1,3.696681857E-1,4.569302797E-1
1.668978875E1,8.644927293E-2,4.566684961E-1,4.950740039E-1
1.669980275E1,4.902999476E-2,5.278508663E-1,5.229133368E-1
1.670981675E1,5.394671857E-2,6.114885807E-1,5.150188804E-1
1.671983175E1,6.554026157E-2,6.242868900E-1,4.795413315E-1
1.672984575E1,9.206953645E-2,4.873381257E-1,4.304415286E-1
1.673985975E1,1.390503496E-1,4.059109092E-1,3.704303801E-1
1.674987375E1,1.847355068E-1,3.348285556E-1,3.221403956E-1
1.675988775E1,2.280009538E-1,2.698535621E-1,3.054921925E-1
1.676990275E1,2.595055103E-1,2.076912820E-1,3.151787221E-1
1.677991675E1,2.767622769E-1,1.782263368E-1,3.544992208E-1
1.678993075E1,4.541443288E-2,3.457173109E-1,3.907075822E-1
1.679994475E1,-2.128088623E-1,5.554758310E-1,4.488904774E-1
1.680995975E1,-2.923701704E-1,7.778519392E-1,4.389464557E-1
1.681997375E1,-2.530344725E-1,6.882677078E-1,4.276653230E-1
1.682998775E1,-7.544296235E-2,4.496258497E-1,3.577725589E-1
1.684000175E1,1.304422915E-1,1.465274990E-1,2.749463618E-1
1.685001675E1,3.171361387E-1,-5.982925743E-2,2.227016538E-1
1.686003075E1,4.157055914E-1,-1.476872116E-1,2.223024368E-1
1.687004475E1,3.718350530E-1,-1.209620386E-1,2.599637210E-1
1.688005875E1,2.651783824E-1,5.867749825E-2,2.816506326E-1
1.689007275E1,1.278113276E-1,2.779604793E-1,3.026453853E-1