"Time (s)","X (m/s^2)","Y (m/s^2)","Z (m/s^2)"
5.179166601E-5,1.179397430E0,6.815177765E0,6.205196228E0
1.006579167E-2,1.104403381E0,6.965165863E0,5.973328400E0
2.007979167E-2,1.106948090E0,7.003037109E0,6.043083344E0
3.009379167E-2,1.096020813E0,6.989265747E0,6.167474670E0
4.010679167E-2,1.162632294E0,7.059469757E0,6.331982574E0
5.012079167E-2,1.261127472E0,7.132068787E0,6.434968414E0
6.013479167E-2,1.224603424E0,7.137008514E0,6.546486511E0
7.014879167E-2,1.031654663E0,6.999444580E0,6.647376709E0
8.016179167E-2,8.578660583E-1,6.860533447E0,6.767277374E0
9.017579167E-2,8.000862122E-1,6.849306793E0,7.001390533E0
1.001897917E-1,9.431886292E-1,6.895261230E0,7.075187073E0
1.102037917E-1,1.051114197E0,6.935228119E0,6.895859985E0
1.202177917E-1,1.165626068E0,6.950047302E0,6.831942902E0
1.302307917E-1,1.169517975E0,7.002438354E0,7.036567383E0
1.402447917E-1,1.178948364E0,6.972500610E0,7.125033417E0
1.502587917E-1,1.204694824E0,6.915768585E0,7.112609253E0
1.602727917E-1,1.157542877E0,6.876250763E0,7.345524902E0
1.702867917E-1,9.943821716E-1,6.740932159E0,7.496411133E0
1.802997917E-1,7.815248108E-1,6.633904724E0,7.546407166E0
1.903137917E-1,6.346801758E-1,6.612798615E0,7.384294281E0
2.003277917E-1,6.867718506E-1,6.713688812E0,7.103478241E0
2.103417917E-1,9.036708069E-1,6.927893372E0,6.836134186E0
2.203547917E-1,1.012793884E0,7.064559174E0,6.550079041E0
2.303687917E-1,1.007854156E0,7.061565399E0,6.514453125E0
2.403827917E-1,9.729766846E-1,6.928192749E0,6.662944336E0
2.503967917E-1,9.620494080E-1,6.832242279E0,6.938371582E0
2.604107917E-1,1.028660889E0,6.765930176E0,7.109765167E0
2.704237917E-1,1.119072876E0,6.782545624E0,7.142696686E0
2.804377917E-1,1.132694550E0,6.864425354E0,7.181166687E0
2.904517917E-1,1.106948090E0,6.783892822E0,7.342980194E0
3.004657917E-1,1.080004120E0,6.761289825E0,7.392377472E0
3.104797917E-1,1.165626068E0,6.828350372E0,7.295229492E0
3.204927917E-1,1.295855255E0,6.918762360E0,7.158713379E0
3.305067917E-1,1.226848755E0,6.893464966E0,6.935976563E0
3.405207917E-1,9.837542725E-1,6.713539124E0,6.720424805E0
3.505347917E-1,6.896159363E-1,6.766079865E0,6.522835693E0
3.605477917E-1,7.321275330E-1,7.146588593E0,6.550827484E0
3.705617917E-1,8.271798706E-1,7.697742462E0,6.933731232E0
3.805757917E-1,7.917036438E-1,8.280929718E0,7.175478516E0
3.905897917E-1,9.033714294E-1,8.856033783E0,7.454498291E0
4.006037917E-1,1.066532135E0,9.178163910E0,7.937693481E0
4.106167917E-1,1.261127472E0,9.186247101E0,8.215066681E0
4.206307917E-1,1.341809692E0,9.215586090E0,8.321195984E0
4.306447917E-1,1.296753387E0,9.346414032E0,8.512348480E0
4.406587917E-1,1.373992767E0,9.880952454E0,8.741372223E0
4.506727917E-1,1.638792114E0,1.058853104E1,8.958869934E0
4.606857917E-1,1.660047913E0,1.124207199E1,9.652228088E0
4.706997917E-1,1.969903564E0,1.162123352E1,1.049811905E1
4.807137917E-1,1.184337158E0,1.263612305E1,1.075333832E1
4.907277917E-1,1.871109009E0,1.276380753E1,1.068014053E1
5.007407917E-1,2.717299347E0,1.245365250E1,1.057745407E1
5.107547917E-1,3.043471069E0,1.212568451E1,1.063209045E1
5.207687917E-1,2.805016937E0,1.096993790E1,1.034139496E1
5.307827917E-1,2.291734314E0,9.638456726E0,9.644144897E0
5.407967917E-1,1.928739166E0,8.855285339E0,8.743168488E0
5.508097917E-1,2.253114624E0,8.407416687E0,7.585475922E0
5.608237917E-1,3.163671112E0,8.495433655E0,6.220464478E0
5.708377917E-1,3.866908722E0,8.813222809E0,5.406606903E0
5.808517917E-1,3.764970703E0,8.702153778E0,4.717440033E0
5.908657917E-1,3.185974731E0,7.938142548E0,4.058510284E0
6.008787917E-1,2.969225464E0,7.112758942E0,4.286037140E0
6.108927917E-1,2.577190704E0,6.007756805E0,5.102589111E0
6.209067917E-1,1.630110168E0,5.297334137E0,6.195316772E0
6.309207917E-1,1.524429932E0,4.818330231E0,6.942562866E0
6.409347917E-1,1.793719940E0,4.828509064E0,5.538632355E0
6.509477917E-1,4.694238281E-1,4.066144409E0,3.648213501E0
6.609617917E-1,-9.617500305E-1,2.720891876E0,1.434017944E0
6.709757917E-1,-9.797126770E-1,2.214644623E0,-1.192570038E0
6.809897917E-1,-8.930429077E-1,2.284848633E0,-2.560575256E0
6.910027917E-1,-2.013313293E-1,2.412982178E0,-2.807112579E0
7.010167917E-1,-3.938310242E-1,2.073488159E0,-1.881287842E0
7.110307917E-1,-1.341061249E0,1.405876465E0,1.112785950E0
7.210449167E-1,-1.694326630E0,6.761439514E-1,2.710114288E0
7.310589167E-1,-1.859582977E0,1.766326904E-1,3.467688904E0
7.410719167E-1,-2.154170380E0,-4.876858521E-1,2.614163818E0
7.510859167E-1,-2.548001404E0,5.352868652E-1,1.374441833E0
7.610999167E-1,-1.847308502E0,1.359922028E0,4.619393921E-1
7.711139167E-1,-4.698728943E-1,1.447190552E0,-1.957928467E-1
7.811279167E-1,-9.831555176E-1,1.101708984E0,5.748046875E-2
7.911409167E-1,-9.586065674E-1,9.214837646E-1,2.830613708E-1
8.011549167E-1,-5.459147644E-1,7.450007629E-1,2.186952209E-1
8.111689167E-1,-1.007405090E-1,4.046086121E-1,5.891748047E-1
8.211829167E-1,2.649490356E-2,3.083587646E-2,8.584648132E-1
8.311969167E-1,4.186793518E-1,2.604583740E-1,1.517993317E0
8.412099167E-1,9.166937256E-1,1.111289062E0,1.575174408E0
8.512239167E-1,6.812333679E-1,6.945556641E-1,1.383273468E0
8.612379167E-1,5.014572144E-1,2.622546387E-1,1.014290771E0
8.712519167E-1,1.258133698E0,1.529818726E-1,1.664688263E0
8.812659167E-1,2.184706879E0,1.181044006E-1,2.724185028E0
8.912789167E-1,3.106340332E0,-4.391867065E-1,3.032094727E0
9.012929167E-1,2.747835846E0,-1.539249115E0,3.317551117E0
9.113069167E-1,1.788929901E0,-2.874023438E0,3.865112457E0
9.213209167E-1,2.919528809E0,-3.719315643E0,3.483705597E0
9.313339167E-1,6.986421661E0,-2.187251587E0,3.513643341E0
9.413479167E-1,1.192375443E1,5.315446472E-1,3.825295258E0
9.513619167E-1,1.498908005E1,1.831291809E0,2.546354828E0
9.613759167E-1,1.800351151E1,3.554807739E0,2.279908905E0
9.713899167E-1,2.044957489E1,5.147346039E0,2.570604401E0
1.131609917E0,1.869492371E1,-5.276228027E0,1.277608200E1
1.141623917E0,1.501422775E1,-8.359516296E0,1.336840027E1
1.151637917E0,1.131586853E1,-1.261337036E1,1.014260834E1
1.161651917E0,5.760171661E0,-1.767030441E1,4.245621185E0
1.171665917E0,-2.375110931E0,-2.199256622E1,-1.289718018E0
1.281816917E0,-1.225501556E0,-1.708726685E1,-1.246592697E1
1.291830917E0,1.488160355E1,-1.231563950E1,-1.471964035E1
1.301844917E0,3.175436646E1,-6.105952606E0,-1.551598434E1
1.442037917E0,1.632220779E1,-1.069825287E1,4.020339661E0
1.452051917E0,7.395970001E0,-1.733859421E1,5.316793671E0
1.462065917E0,-2.161954193E0,-2.364333344E1,6.679859161E0
1.582230917E0,8.274792480E0,-1.546404236E1,-1.320583832E1
1.592244917E0,2.444341965E1,-9.692644043E0,-1.623793304E1
1.602258917E0,3.929358856E1,-3.742667084E0,-1.772284515E1
1.722425708E0,1.751193375E1,-7.591014404E0,7.904163208E0
1.732439708E0,9.170230408E0,-1.250679199E1,9.278455353E0
1.742453708E0,-1.171014862E0,-1.800605621E1,9.959539032E0
1.752467708E0,-1.202135147E1,-2.310101120E1,1.113953522E1
1.852605708E0,1.396146698E0,-1.833342545E1,-1.034513718E1
1.862619708E0,1.460827194E1,-1.455917404E1,-1.356404343E1
1.872632708E0,2.814956268E1,-9.736353149E0,-1.586550751E1
2.002812708E0,1.960772552E1,-4.333787842E0,1.476379852E0
2.012826708E0,1.197060699E1,-6.785838776E0,4.856650543E0
2.022839708E0,5.205874329E0,-1.059436890E1,6.883884888E0
2.032853708E0,-1.525777130E0,-1.527124329E1,9.683513031E0
2.042867708E0,-6.738088074E0,-1.856544296E1,1.446082855E1
2.052881708E0,-1.085901855E1,-1.999482056E1,1.961850311E1
2.163033708E0,1.469239700E1,-1.616084335E1,-1.388467667E1
2.173046708E0,2.492511795E1,-1.309312271E1,-1.791025543E1
2.183060708E0,3.377082321E1,-1.025667114E1,-2.365755386E1
2.433405708E0,1.658715683E1,-1.550775146E-1,3.841012573E0
2.443419708E0,1.164847687E1,-2.449955292E0,4.789440308E0
2.453433708E0,8.592132568E0,-2.969674530E0,2.980152740E0
2.463447708E0,7.245832214E0,-2.697989502E0,-5.703140259E-2
2.473461708E0,6.732699280E0,-2.958298187E0,-2.485730896E0
2.483474708E0,6.221362610E0,-3.558400269E0,-4.962480469E0
2.493488708E0,5.732479248E0,-4.155358887E0,-7.259753265E0
2.503502708E0,5.337450714E0,-5.137466583E0,-1.037746994E1
2.513516708E0,4.077820129E0,-5.884862366E0,-1.282263519E1
2.523530708E0,1.155596924E0,-7.194339294E0,-1.271306305E1
2.533544708E0,-2.339784393E0,-8.519234161E0,-1.102891525E1
2.543557708E0,-6.081104279E0,-9.450896759E0,-8.016130371E0
2.553571708E0,-9.420060883E0,-1.059032730E1,-5.395529938E0
2.563585708E0,-1.208496918E1,-1.103011276E1,-5.180726624E0
2.573599708E0,-1.288924667E1,-1.108085724E1,-6.750362549E0
2.583613708E0,-1.329535217E1,-1.036309982E1,-7.719597015E0
2.593626708E0,-1.496902176E1,-9.938133545E0,-7.779023438E0
2.603640708E0,-1.698487976E1,-1.007943970E1,-7.273075562E0
2.613654708E0,-1.789843002E1,-9.788744202E0,-6.520889740E0
2.623668708E0,-1.711495926E1,-9.500743103E0,-8.635542297E0
2.633682708E0,-1.598256409E1,-9.015152893E0,-1.101634140E1
2.643695708E0,-1.475721222E1,-9.870923309E0,-1.060664337E1
2.653709708E0,-1.419183792E1,-1.133607651E1,-6.882837067E0
2.663723708E0,-1.432012115E1,-1.355655899E1,-2.487676849E0
2.673737708E0,-1.383797379E1,-1.582299591E1,1.069675598E0
2.683751708E0,-1.376447662E1,-1.877246246E1,3.078647919E0
2.693765708E0,-1.257879227E1,-2.049822372E1,3.366499329E-1
3.164412542E0,1.939097626E1,-9.762398987E0,5.381608887E0
3.174426542E0,1.136287079E1,-1.680420547E1,1.219199661E1
3.184439542E0,-3.015030212E0,-2.569062607E1,2.109144012E1
3.434785542E0,1.248673370E1,-1.497770370E1,8.775201874E0
3.444799542E0,-1.886526947E0,-2.420466614E1,1.421024963E1
3.454812542E0,-2.161565002E1,-3.328792740E1,2.166893921E1
3.695144542E0,1.548065781E1,-7.495213623E0,-1.972148895E0
3.705158542E0,6.575376434E0,-1.139535324E1,7.503147125E0
3.715172542E0,-7.940387878E0,-1.808449310E1,1.807910431E1
3.725186667E0,-2.295132248E1,-2.410706909E1,2.610496445E1
3.785268667E0,-1.966445755E1,-1.659778473E1,-2.623594208E0
3.795282667E0,-1.280078064E1,-1.345132782E1,-1.093191696E1
3.805296667E0,-5.006339264E0,-1.146391068E1,-1.974858261E1
3.815310667E0,5.398374023E0,-9.894125061E0,-2.874487473E1
4.015586667E0,1.985082001E1,-1.237476654E0,1.125644211E1
4.025600667E0,2.177821198E1,1.875449982E0,5.302722931E0
4.274695667E0,4.713233780E1,-4.289180603E0,3.035986633E0
4.346043667E0,1.535821243E1,-7.447762299E0,-1.171074738E1
4.356056667E0,1.083192490E1,-7.806715851E0,-1.208152634E1
4.366070667E0,6.408772888E0,-8.111781464E0,-1.325583435E1
4.376084667E0,2.647394714E0,-8.421786804E0,-1.336226303E1
4.386098667E0,-5.403762817E-1,-9.359436951E0,-1.225411743E1
4.396112667E0,-4.759951630E0,-1.099822906E1,-1.178304703E1
4.406126667E0,-7.588469696E0,-1.073223221E1,-1.146495850E1
4.416139667E0,-7.422165527E0,-1.052715866E1,-9.836045837E0
4.426153667E0,-6.383176117E0,-1.074929672E1,-6.749165039E0
4.436167667E0,-5.076543274E0,-1.123982666E1,-3.261417847E0
4.446181667E0,-3.916455688E0,-1.185953796E1,-2.043251038E0
4.456195667E0,-3.528312836E0,-1.291439438E1,-3.141517181E0
4.466209667E0,-5.463189240E0,-1.453702011E1,-3.549868011E0
4.476222667E0,-8.180937653E0,-1.645183823E1,-3.203188934E0
4.486236667E0,-1.020158569E1,-1.846769623E1,-2.343077545E0
4.496250667E0,-1.124222168E1,-2.087618774E1,-1.113235016E0
4.825456792E0,-1.073896820E1,-5.274192261E1,2.821946732E1
5.397495792E0,1.092368408E1,-1.573273361E1,-6.800657959E0
5.407509792E0,1.567899536E1,-1.484028946E1,-1.695179855E1
5.417523792E0,1.562196396E1,-1.695748672E1,-2.880744461E1
5.527675792E0,2.247725830E0,-1.617446503E1,-1.028092072E1
5.537689792E0,5.995781708E0,-1.112157257E1,-8.678802338E0
5.547702792E0,7.841144257E0,-6.856042786E0,-2.452350311E0
5.557716792E0,1.006252487E1,-4.107009430E0,3.476520538E0
5.567730792E0,1.167751648E1,-3.191662903E0,4.429438934E0
5.577744792E0,1.135403915E1,-2.700085144E0,3.232827301E0
5.587758792E0,9.600435791E0,-2.514022064E0,2.404898987E0
5.597772792E0,8.654852142E0,-2.772384796E0,4.065695343E0
5.607785792E0,8.143216095E0,-2.351011047E0,7.727680206E0
5.617799792E0,7.813900909E0,-1.086590424E0,1.185549637E1
5.627813792E0,7.811505890E0,1.179247742E0,1.448702408E1
5.637827792E0,7.689359894E0,2.933749237E0,1.570848404E1
5.647841792E0,6.408473511E0,3.149450684E0,1.725282257E1
5.657855792E0,4.795727234E0,2.794688416E0,1.865555557E1
5.667868792E0,3.053350525E0,2.777324524E0,1.876003830E1
5.677882792E0,1.404828644E0,2.553539886E0,1.779619263E1
5.687896792E0,-2.038760376E-1,1.860630798E0,1.571881256E1
5.697910792E0,-3.844006348E-1,8.770262146E-1,1.373184448E1
5.707924792E0,-2.164498901E-1,-1.787283325E-1,1.329071182E1
5.717938458E0,2.875520325E-1,-2.686912537E-1,1.469090012E1
5.727951458E0,2.197280731E0,5.927673340E-2,1.494162872E1
5.737965458E0,4.819527740E0,4.493655396E-1,1.517693939E1
5.747979458E0,8.696166229E0,5.484594727E-1,1.420635773E1
5.757993458E0,1.150492538E1,1.482966156E0,1.271830215E1
5.768007458E0,1.380893417E1,2.085014191E0,1.102247864E1
5.778021458E0,1.527603333E1,2.683619385E0,8.365204468E0
5.788034458E0,1.702185287E1,3.484603729E0,5.383405151E0
5.798048458E0,1.849838242E1,2.495909729E0,3.654949493E0
5.808062458E0,1.983225861E1,1.586999817E0,2.829116821E0
6.058408458E0,1.848715576E1,6.769672394E0,-1.736987915E0
6.068422458E0,1.725342133E1,6.353687439E0,-1.231339417E0
6.078436458E0,1.810724579E1,5.780679016E0,-1.331181793E0
6.088450458E0,1.984049149E1,6.571634216E0,3.053649902E-2
6.118491458E0,1.921329575E1,8.515042877E0,-2.792892151E0
6.128505458E0,1.396520920E1,7.145091705E0,-3.853436737E0
6.138519458E0,1.149654282E1,4.819827118E0,-5.613476715E0
6.148533458E0,1.071741302E1,9.424401855E-1,-7.900271301E0
6.158546458E0,9.426946564E0,-3.176394653E0,-8.557404785E0
6.168560458E0,7.063511353E0,-6.027066650E0,-6.018534393E0
6.178574458E0,5.263803864E0,-7.768245850E0,-2.097438354E0
6.188588458E0,4.847369843E0,-7.937094727E0,2.693199463E0
6.198602458E0,3.816313934E0,-6.499633942E0,6.771468658E0
6.208616458E0,1.313219147E0,-4.796325989E0,7.044650574E0
6.218629458E0,-6.830296326E-1,-4.953798523E0,4.465513916E0
6.228643458E0,-3.047362976E0,-6.827302551E0,1.966161346E0
6.238657458E0,-4.882995758E0,-8.565338287E0,-1.511856079E0
6.248671458E0,-6.992259521E0,-1.008557693E1,-4.814438324E0
6.258685458E0,-8.477471008E0,-1.157288406E1,-4.207001495E0
6.268699458E0,-8.964258728E0,-1.386162460E1,5.987548828E-1
6.278712458E0,-9.668843536E0,-1.527214142E1,4.767585754E0
6.288726458E0,-1.209410019E1,-1.717094284E1,8.889414368E0
6.298740458E0,-1.468161942E1,-1.954171280E1,1.305135956E1
6.308754458E0,-1.509670624E1,-2.071811646E1,1.582748657E1
7.169944833E0,-1.414558411E1,-1.340582245E1,1.795695831E1
7.179958833E0,-1.923874283E1,-1.026699966E1,2.397504364E1
7.240041833E0,-3.475173340E0,-1.563064590E1,-1.886976013E0
7.250055833E0,2.582130432E0,-1.302471497E1,-6.982230377E0
7.260069833E0,5.827381897E0,-1.157812317E1,-8.704997864E0
7.270082833E0,5.064119110E0,-1.195803314E1,-1.459210556E1
7.280096833E0,3.475921783E0,-1.392733795E1,-2.033581146E1
7.290110833E0,4.456382904E0,-1.566627182E1,-2.344798965E1
7.400262833E0,1.877710281E1,-1.739876907E1,-7.217391357E0
7.410276833E0,1.371223526E1,-1.521555908E1,7.571255493E-1
7.420290833E0,9.750124512E0,-1.190698929E1,6.774612122E0
7.430304833E0,4.161346436E0,-9.841434631E0,1.371822281E1
7.440318833E0,-4.936135254E0,-1.162078445E1,2.966366409E1
7.450331833E0,-1.647114807E1,-1.524699371E1,4.973602341E1
7.510414833E0,-8.286917267E0,-1.081935104E1,-7.767647095E0
7.520428833E0,-1.136287079E0,-1.024005569E1,-1.511526764E1
7.530442833E0,4.436923370E0,-1.123773102E1,-2.468681351E1
7.660622833E0,1.314581314E1,-8.422086182E0,3.236719208E0
7.670636833E0,-9.686357117E-1,-8.548423462E0,1.632520157E1
7.680650833E0,-1.453597229E1,-1.032882111E1,3.056209579E1
7.720706042E0,-1.335672455E1,-1.206071960E1,1.048045578E1
7.730720042E0,-8.397387543E0,-1.172062683E1,-6.511908417E0
7.740734042E0,-4.607418823E-1,-8.898096313E0,-1.993988480E1
7.750748042E0,4.137845306E0,-4.695136414E0,-3.403083252E1
7.800817042E0,1.488429794E1,-1.351838837E0,-1.700703369E1
7.810831042E0,1.679881668E1,-4.843477936E0,2.386038208E0
7.820845042E0,1.826576614E1,-4.384682007E0,1.881856659E1
7.830858042E0,1.957823685E1,-1.095122681E0,2.705369156E1
7.900955042E0,1.684776489E1,3.619024200E0,4.355941772E0
7.910969042E0,1.393572052E1,2.569107513E0,2.751428375E0
7.920983042E0,1.491528351E1,4.426894226E0,2.427951050E-1
7.930997042E0,1.755699005E1,7.541617126E0,-4.122427368E0
7.941011042E0,1.479448471E1,7.151528320E0,-7.828121338E0
7.951025042E0,1.171763306E1,4.079317017E0,-8.645721130E0
7.961039042E0,9.938732300E0,5.257067871E-1,-5.477559357E0
7.971053042E0,9.007818146E0,-2.213896179E0,-1.640588379E0
7.981066042E0,9.939480743E0,-3.639232178E0,1.021625519E0
7.991080042E0,1.170730453E1,-3.791914673E0,3.197949829E0
8.001094042E0,1.441891571E1,-3.205733643E0,4.278253326E0
8.011108042E0,1.741149261E1,-3.207529907E0,4.536915436E0
8.021122042E0,1.962823288E1,-3.851490784E0,5.401068420E0
8.031136042E0,2.078622482E1,-5.580545197E0,6.966363373E0
8.275224042E0,6.252048798E1,-4.400189758E1,3.848047943E0
8.391635042E0,1.759830414E1,1.167572021E-2,-1.719279739E1
8.401649042E0,1.471170685E1,1.406026154E0,-1.751971756E1
8.411662042E0,1.178469360E1,1.036145325E0,-1.442205917E1
8.421676042E0,1.060694275E1,-5.336402893E-1,-1.081770447E1
8.431690042E0,1.146316223E1,5.777984619E-2,-6.301895142E0
8.441704042E0,1.503054382E1,1.779798889E-1,-3.868854675E0
8.451718042E0,1.605561218E1,-5.792953491E-1,-3.216211853E0
8.461732042E0,1.482951187E1,-2.656825104E0,-1.459465027E0
8.471746042E0,1.127171036E1,-6.057902527E0,-2.769241333E-1
8.481759042E0,6.143823853E0,-8.978778534E0,1.522783356E0
8.491773042E0,2.706821136E0,-1.016581009E1,2.647394714E0
8.501787042E0,5.442681885E-1,-1.156135803E1,7.870632935E-1
8.511801042E0,-7.520361328E-1,-1.187869812E1,-2.670446777E-1
8.521815042E0,-1.085392914E0,-1.168095932E1,-1.469344482E0
8.531829042E0,-1.257385254E0,-1.178155014E1,-4.297712860E0
8.541843042E0,-1.133892059E0,-1.230875381E1,-6.541846161E0
8.551857042E0,-1.162033539E0,-1.277877640E1,-7.198680267E0
8.561870042E0,-1.955982513E0,-1.357107880E1,-5.972879333E0
8.571884042E0,-3.998934174E0,-1.504925491E1,-2.492616577E0
8.581898042E0,-7.707322540E0,-1.739652374E1,1.138682098E0
8.591912042E0,-1.103265747E1,-1.965248245E1,3.437002716E0
8.601926042E0,-1.255139923E1,-2.098261642E1,5.554199982E0
8.825986583E0,4.133938431E1,-3.233231461E1,-1.095916031E1
9.112631583E0,1.190788742E1,-1.795980240E1,-1.782942352E0
9.122645583E0,1.281694702E1,-1.781041306E1,-2.149530029E0
9.132659583E0,1.217777618E1,-1.979648300E1,-9.761201477E-1
9.142673583E0,1.162183228E1,-2.168405777E1,1.590891724E0
9.262839583E0,-1.229902405E1,-1.842787903E1,5.062771912E0
9.272853583E0,-1.395697632E1,-1.718276825E1,4.430037689E0
9.282867583E0,-1.560340256E1,-1.609677658E1,5.574258270E0
9.292881583E0,-1.624481873E1,-1.553364761E1,8.296796722E0
9.302895583E0,-1.598944977E1,-1.504386612E1,1.393527145E1
9.312908583E0,-1.671888290E1,-1.388811951E1,1.924323349E1
9.322922583E0,-1.767644165E1,-1.312979645E1,1.970292755E1
9.332936583E0,-1.929293015E1,-1.246338226E1,1.623119705E1
9.342950583E0,-2.099339401E1,-1.180969162E1,1.311318100E1
9.362978583E0,-1.785382278E1,-9.267827454E0,9.812844086E0
9.372992583E0,-1.341016342E1,-7.269632721E0,7.501799927E0
9.383005583E0,-1.305540115E1,-8.040230255E0,5.849535828E0
9.393019583E0,-1.516930527E1,-1.207568848E1,6.979086914E0
9.403033583E0,-1.577299988E1,-1.660227539E1,8.795110474E0
9.413047583E0,-1.239886642E1,-1.945085175E1,7.769742737E0
9.423061583E0,-3.233575745E0,-1.882709885E1,2.932252350E0
9.433075583E0,3.820355530E0,-1.785906189E1,-3.510200500E0
9.443089583E0,6.396049347E0,-1.795366516E1,-9.810000000E0
9.453102583E0,8.244405670E0,-1.923320435E1,-1.372959915E1
9.463116583E0,1.113354767E1,-2.165846100E1,-1.391221939E1
9.713462583E0,9.157357178E0,-1.877710281E1,-9.160500641E0
9.723476792E0,9.865085449E0,-1.750414993E1,-7.258555756E0
9.733490792E0,1.007659561E1,-1.698517914E1,-5.528902588E0
9.743504792E0,8.611442413E0,-1.769635025E1,-3.234473877E0
9.753518792E0,6.502478027E0,-1.862606689E1,-7.204518127E-1
9.763532792E0,5.309458923E0,-1.864986740E1,1.698667603E0
9.773545792E0,4.777614899E0,-1.800890030E1,2.923271027E0
9.783559792E0,4.363875275E0,-1.737481888E1,3.417992249E0
9.793573792E0,3.653751984E0,-1.692230988E1,3.697461090E0
9.803587792E0,2.914140015E0,-1.644225815E1,3.986809387E0
9.813601792E0,3.502566376E0,-1.608001144E1,5.323529663E0
9.823615792E0,5.211562500E0,-1.549353104E1,7.771988068E0
9.833628792E0,4.552183685E0,-1.527259048E1,1.064601151E1
9.843642792E0,2.091001740E0,-1.514281036E1,1.269659729E1
9.853656792E0,1.320254517E-1,-1.402568344E1,1.292786636E1
9.863670792E0,-7.583230591E-1,-1.278371613E1,1.158994858E1
9.873684792E0,-1.441053314E0,-1.154040161E1,9.467512207E0
9.883698792E0,-2.280956726E0,-1.063673080E1,7.566166077E0
9.893712792E0,-3.154240723E0,-9.949509888E0,5.906866608E0
9.903725792E0,-4.196972351E0,-9.564959564E0,4.761448517E0
9.913739792E0,-5.334307251E0,-9.630972290E0,4.989873505E0
9.923753792E0,-6.154751129E0,-9.842632141E0,5.761518860E0
9.933767792E0,-6.724466400E0,-9.866282959E0,7.786358185E0
9.943781792E0,-7.021598511E0,-9.134005737E0,9.822274475E0
9.953795792E0,-7.192842407E0,-8.074209595E0,1.143053009E1
9.963808792E0,-7.508835297E0,-7.298822021E0,1.358844269E1
9.973822792E0,-8.251441040E0,-7.055278473E0,1.353784790E1
9.983836792E0,-9.284442902E0,-6.788682861E0,1.221040833E1
9.993850792E0,-1.054332504E1,-6.366860046E0,1.124042542E1
1.000386479E1,-1.265932480E1,-6.483916626E0,1.037342834E1
1.001387879E1,-1.498848129E1,-6.446045380E0,9.803713074E0
1.002389179E1,-1.632550095E1,-5.970634003E0,8.536598053E0
1.003390579E1,-1.651096527E1,-5.880671082E0,7.885152740E0
1.004391979E1,-1.500539612E1,-5.855673065E0,9.063202972E0
1.005393379E1,-1.340821747E1,-6.355932770E0,9.629625092E0
1.006394779E1,-1.209799210E1,-8.129295044E0,8.078400879E0
1.007396179E1,-1.061936691E1,-1.057954971E1,7.603588257E0
1.008397579E1,-8.440647583E0,-1.289897644E1,8.607700195E0
1.009398879E1,-2.929707642E0,-1.312006668E1,7.621700592E0
1.010400279E1,2.757116547E0,-1.243254639E1,3.719016266E0
1.011401679E1,8.279432831E0,-1.159354111E1,-1.670226746E0
1.012403079E1,1.340567276E1,-9.533524933E0,-8.755892029E0
1.013404479E1,1.781445465E1,-8.358917542E0,-1.475631409E1
1.014405879E1,1.992970596E1,-1.067385361E1,-1.331271606E1
1.036436279E1,1.504895554E1,-1.630214951E1,-6.021977234E0
1.037437679E1,1.347722397E1,-1.456860443E1,-5.683680725E0
1.038439079E1,1.372151596E1,-1.189935516E1,-5.666466522E0
1.039440479E1,1.440185120E1,-9.804311829E0,-5.617518311E0
1.040441779E1,1.551852905E1,-8.377329254E0,-4.950954437E0
1.041443179E1,1.818628143E1,-6.445446625E0,-3.814817047E0
1.042444579E1,1.904624313E1,-6.136040039E0,-3.104394379E0
1.043445979E1,1.701272186E1,-7.943980408E0,-9.286688232E-1
1.044447379E1,1.385518799E1,-9.737101593E0,3.181035004E0
1.045448779E1,9.401200104E0,-1.141660904E1,6.996899872E0
1.046450079E1,6.840924225E0,-1.332948120E1,7.056775360E0
1.047451479E1,5.113815765E0,-1.306183777E1,7.328909454E0
1.048452879E1,3.470532990E0,-1.189621170E1,7.338040466E0
1.049454279E1,2.192939758E0,-1.049347870E1,4.737498322E0
1.050455679E1,1.224753113E0,-9.925110626E0,2.335892487E0
1.051457079E1,-1.332229614E0,-1.240425522E1,2.170336761E0
1.052458379E1,-7.123386841E0,-1.538859924E1,2.541265411E0
1.053459779E1,-1.237581436E1,-1.635903122E1,3.845054169E0
1.054461179E1,-1.572539886E1,-1.619721771E1,5.424120483E0
1.055462579E1,-1.917168228E1,-1.479942444E1,5.329517212E0
1.056463979E1,-2.109278732E1,-1.305824524E1,4.364923096E0
1.058466679E1,-1.628179184E1,-7.879314880E0,-2.326911163E0
1.059468079E1,-1.354638016E1,-5.190306702E0,-2.687211914E0
1.060469479E1,-1.184426971E1,-4.756359100E0,-1.581161957E0
1.061470879E1,-1.305914337E1,-5.507646790E0,-1.685345306E0
1.062472279E1,-1.444451248E1,-6.419700165E0,-2.954855347E0
1.063473679E1,-1.393946274E1,-7.125632172E0,-3.950584717E0
1.064474979E1,-1.212658264E1,-7.815996552E0,-3.280578003E0
1.065476379E1,-1.010324020E1,-8.234526215E0,-1.978735199E0
1.066477779E1,-7.181016998E0,-7.961793365E0,-9.949809265E-1
1.067479179E1,-4.065096588E0,-7.590116272E0,2.745291138E-1
1.068480579E1,-2.444566498E0,-7.182064819E0,-5.733078003E-1
1.069481979E1,-6.327342224E-1,-6.298302612E0,-3.714525604E0
1.070483279E1,-1.734892273E-1,-6.744524689E0,-5.401667175E0
1.071484679E1,-5.755531311E-1,-7.873327332E0,-5.723647614E0
1.072486042E1,5.057981873E-1,-8.691076813E0,-5.470074921E0
1.073487442E1,3.078348541E0,-9.916877747E0,-3.388802948E0
1.074488842E1,3.096610565E0,-1.205802521E1,4.135899353E-1
1.075490242E1,2.471360779E-1,-1.578407684E1,4.531975708E0
1.076491542E1,-2.245330811E-2,-1.811173645E1,7.910450134E0
1.077492942E1,2.393822021E0,-2.058429474E1,1.047431854E1
1.118549642E1,1.690180252E1,-1.905956543E1,6.692582703E-1
1.119551042E1,1.659074936E1,-1.527363831E1,-9.653425598E-1
1.120552442E1,1.645722702E1,-1.144190643E1,-3.303779755E0
1.121553842E1,1.602432724E1,-8.595575409E0,-5.407205658E0
1.122555242E1,1.599453918E1,-6.750811615E0,-5.575156403E0
1.123556642E1,1.557675797E1,-5.899232483E0,-4.892725525E0
1.124557942E1,1.284419037E1,-6.359674988E0,-3.483855286E0
1.125559342E1,9.447603607E0,-7.335795135E0,-2.223625946E0
1.126560742E1,7.282505951E0,-7.708070984E0,-1.778601379E0
1.127562142E1,5.509742432E0,-7.765551453E0,-1.637893982E0
1.128563542E1,3.589984589E0,-7.975714417E0,-2.471211090E0
1.129564942E1,1.129401398E0,-8.293653259E0,-4.833448792E0
1.130566242E1,-1.398841095E0,-8.539142761E0,-7.237000580E0
1.131567642E1,-2.794089661E0,-8.956025848E0,-8.667276306E0
1.132569042E1,-4.064797211E0,-1.035007690E1,-9.868528290E0
1.133570442E1,-5.517376556E0,-1.172930878E1,-1.043629761E1
1.134571842E1,-5.847290497E0,-1.222028778E1,-9.751322021E0
1.135573242E1,-5.672154694E0,-1.296633636E1,-7.989934845E0
1.136574542E1,-5.549110565E0,-1.366957397E1,-4.732857971E0
1.137575942E1,-4.626279602E0,-1.449989731E1,-9.071136475E-1
1.138577342E1,-4.555776215E0,-1.543739777E1,5.022505646E0
1.139578742E1,-6.389912109E0,-1.586939941E1,1.447070801E1
1.140580142E1,-9.391769714E0,-1.709145813E1,2.237247620E1
1.141581542E1,-1.119072876E1,-1.859717697E1,2.369901764E1
1.197658979E1,-1.865271149E1,-7.188950500E0,8.479416962E0
1.198660379E1,-1.680585205E1,-8.877139893E0,-1.168320465E0
1.199661679E1,-1.253538254E1,-1.088910599E1,-3.237467651E0
1.200663079E1,-6.552324371E0,-1.281889297E1,-2.970872040E0
1.201664479E1,-6.291416931E-1,-1.510254410E1,-1.381028137E0
1.202665879E1,7.553292847E0,-1.695344513E1,-2.377805328E0
1.203667279E1,1.691512482E1,-1.681154022E1,-9.924661560E0
1.204668679E1,2.371952499E1,-1.576371918E1,-2.023417282E1
1.220690779E1,7.526797943E0,-1.014350647E1,-1.523232422E1
1.221692179E1,5.652994537E0,-1.041459274E1,-1.095092743E1
1.222693479E1,5.099445648E0,-9.705367584E0,-8.232131195E0
1.223694879E1,4.700824585E0,-8.910670166E0,-6.003715210E0
1.224696279E1,4.488266602E0,-8.568032684E0,-3.703897705E0
1.225697679E1,3.441194000E0,-8.962312775E0,-1.755998383E0
1.226699079E1,1.037941589E0,-1.045515839E1,1.066382446E0
1.227700479E1,-3.109034729E0,-1.179636932E1,6.561754761E0
1.228701779E1,-5.497168579E0,-1.240829681E1,1.176897629E1
1.229703179E1,-6.525530090E0,-1.239632172E1,1.468221817E1
1.230704579E1,-8.112829285E0,-1.228615082E1,1.821247696E1
1.231705979E1,-9.528585205E0,-1.105002136E1,2.355801086E1
1.237714279E1,-6.129453735E0,-5.319188690E0,1.306752594E1
1.238715679E1,-4.341571655E0,-4.841382294E0,6.731651459E0
1.239716979E1,-3.258424072E0,-6.977889404E0,4.372407532E0
1.240718379E1,1.246907043E0,-6.741081848E0,3.317551117E0
1.241719779E1,6.245612183E0,-7.327412567E0,-3.490740967E-1
1.242721179E1,1.044468018E1,-7.623347168E0,-2.704126740E0
1.243722579E1,1.466021393E1,-8.186176758E0,-5.717210999E0
1.244723879E1,1.873683655E1,-8.723708954E0,-1.323697357E1
1.245725279E1,2.056767929E1,-8.243208160E0,-2.486494308E1
1.258743279E1,1.665676208E1,-5.818849640E0,-1.304507263E1
1.259744679E1,1.041219772E1,-6.561455383E0,-8.314010925E0
1.260746079E1,4.855902100E0,-6.008205872E0,-5.372627563E0
1.261747379E1,5.343887329E-1,-5.069956970E0,-3.921395416E0
1.262748779E1,-2.553090820E0,-4.353846130E0,-3.173849945E0
1.263750179E1,-3.983366547E0,-4.243525543E0,-2.366728363E0
1.264751579E1,-5.139562225E0,-6.371500397E0,-1.860630798E-1
1.265752979E1,-7.306306458E0,-9.054371338E0,7.097490692E0
1.266754279E1,-8.915310516E0,-9.365274811E0,1.700613556E1
1.267755679E1,-8.055199127E0,-7.573051758E0,2.198193832E1
1.270759879E1,-8.565338287E0,-3.029250641E0,1.586221436E1
1.271761279E1,-9.291627960E0,-2.746788025E0,1.078626984E1
1.272762704E1,-9.529932404E0,-2.182162170E0,6.060447235E0
1.273764104E1,-8.716972961E0,-1.408720551E0,2.379002838E0
1.274765504E1,-7.363188171E0,-9.324110413E-1,1.064586182E0
1.275766904E1,-5.397176514E0,-5.674699402E-1,7.140151978E-1
1.276768304E1,-2.420167236E0,7.753875732E-1,-1.116977234E0
1.277769604E1,1.233435059E0,3.254232788E0,-5.180576935E0
1.278771004E1,2.711910553E0,4.317920837E0,-1.027762756E1
1.279772404E1,2.801574097E0,4.312681732E0,-1.267234772E1
1.280773804E1,2.963836670E0,4.539460144E0,-1.155746613E1
1.281775204E1,4.412973175E0,4.134103088E0,-8.754245453E0
1.282776604E1,5.953270111E0,2.936144257E0,-5.264701996E0
1.283777904E1,7.282805328E0,1.034947815E0,-1.975591736E0
1.284779304E1,9.359736328E0,-9.354048157E-1,9.777667236E-1
1.285780704E1,1.340657089E1,-2.250420227E0,4.906496887E0
1.286782104E1,1.726330078E1,-7.541317749E-1,8.806636505E0
1.287783504E1,2.084475311E1,1.486558685E0,1.132844238E1
1.288784804E1,2.585258926E1,5.055886230E0,1.125509491E1
1.295794504E1,1.811008987E1,3.996688843E-1,-8.565188599E-1
1.296795904E1,1.573512863E1,5.780978394E-1,-2.269430695E0
1.297797304E1,1.708786560E1,2.203867035E0,-4.750670929E0
1.298798704E1,2.021067169E1,5.034630432E0,-4.091741180E0
1.299800004E1,2.438638824E1,7.556436310E0,-1.997745667E0
1.307811104E1,1.585757401E1,6.021977234E0,1.619766678E1
1.308812504E1,1.138053406E1,4.293521576E0,1.846380432E1
1.309813904E1,1.045695465E1,4.508474579E0,1.857951370E1
1.310815204E1,1.128623016E1,4.560416565E0,1.551598434E1
1.311816604E1,1.378842682E1,3.616329803E0,1.107202560E1
1.312818004E1,1.806308762E1,4.957540741E0,8.106542358E0
1.313819404E1,1.965667374E1,6.991660767E0,6.309978333E0
1.314820804E1,1.758692780E1,5.877377930E0,4.761897583E0
1.315822104E1,1.473790237E1,4.016148376E0,4.507726135E0
1.316823504E1,1.287143372E1,3.514391785E0,5.845194855E0
1.317824904E1,1.130389343E1,2.977907410E0,7.317084045E0
1.318826304E1,9.995763702E0,1.882485352E0,6.841972046E0
1.319827704E1,9.427395630E0,1.106648712E0,5.313799896E0
1.320829104E1,9.401948547E0,1.792672119E0,4.249812469E0
1.321830404E1,1.004246658E1,2.413431244E0,2.577939148E0
1.322831804E1,1.108819199E1,2.661315765E0,-1.356179810E-1
1.323833204E1,1.152049301E1,3.966152344E0,-2.328408051E0
1.324834604E1,1.041399399E1,4.656217346E0,-3.608246613E0
1.325836004E1,8.466543732E0,3.820804596E0,-3.733685760E0
1.326837304E1,6.346502380E0,2.968926086E0,-1.005159760E0
1.327838704E1,5.265151062E0,2.097288666E0,3.800297241E0
1.328840104E1,6.365363159E0,1.722767487E0,7.653883667E0
1.329841504E1,8.287216644E0,1.958976288E0,9.783355408E0
1.330842904E1,9.639654236E0,2.152523804E0,9.533674622E0
1.331844204E1,1.026804749E1,2.023492126E0,7.000642090E0
1.332845604E1,9.542356567E0,2.014810181E0,4.035907288E0
1.333847004E1,7.523953857E0,8.273295593E-1,9.903405762E-1
1.334848404E1,6.341113586E0,-8.837622070E-1,-8.800199890E-1
1.335849804E1,8.025111694E0,-1.264420624E0,6.138734436E-1
1.336851104E1,9.858948212E0,-1.097517700E0,3.483256531E0
1.337852504E1,9.456285553E0,-2.722837830E0,6.093378754E0
1.338853904E1,7.826325073E0,-5.025798798E0,9.480535126E0
1.339855304E1,5.910908203E0,-7.510631561E0,1.290002426E1
1.340856704E1,4.341272278E0,-9.788444824E0,1.448582657E1
1.341858104E1,3.323538666E0,-1.213197144E1,1.395577881E1
1.342859404E1,2.694696350E0,-1.453208038E1,1.050246002E1
1.343860804E1,3.769311676E0,-1.557765610E1,4.075275421E0
1.344862204E1,5.845793610E0,-1.426578415E1,-3.596720581E0
1.345863604E1,5.883664856E0,-1.330568069E1,-9.132658539E0
1.346865004E1,4.374802551E0,-1.395667694E1,-8.528664551E0
1.347866304E1,3.585793304E0,-1.618569168E1,-3.220103760E0
1.348867704E1,3.757186890E0,-2.005304947E1,4.435875549E0
1.349869104E1,3.650458832E0,-2.337569000E1,1.094119766E1
1.374903496E1,1.649345169E1,-1.242386444E1,-1.665077454E1
1.375904896E1,1.521735535E1,-1.275452682E1,-1.415980453E1
1.376906296E1,1.405696838E1,-1.373603577E1,-1.152393585E1
1.377907696E1,1.275198212E1,-1.555834625E1,-8.299940186E0
1.378908996E1,1.148711243E1,-1.722572891E1,-4.587210846E0
1.379910396E1,1.056772430E1,-1.813942886E1,-2.039209442E0
1.380911796E1,9.875713348E0,-1.911075897E1,-1.706451416E-1
1.381913196E1,8.940009155E0,-2.042218185E1,7.222480774E-1
1.397935296E1,-1.488759109E1,-1.146615601E1,1.087518494E1
1.398936696E1,-7.906857605E0,-1.432042053E1,6.578370209E0
1.399937996E1,-1.301094360E0,-1.773302399E1,2.903063049E0
1.400939396E1,6.899901581E0,-1.926314209E1,-2.247875519E0
1.401940796E1,1.606264755E1,-1.927317123E1,-9.666298828E0
1.415960096E1,1.608584930E1,-1.292397446E1,-9.396260376E0
1.416961496E1,1.065125061E1,-1.580159042E1,1.345252533E0
1.417962896E1,3.291954346E0,-1.643881531E1,1.233464996E1
1.418964296E1,-3.334615631E0,-1.463776062E1,1.864672394E1
1.419965596E1,-7.929610291E0,-1.221130646E1,2.085852448E1
1.424972596E1,-1.518517227E1,-1.621847351E1,1.754157211E1
1.425973896E1,-9.976453857E0,-1.747795441E1,1.416728897E1
1.426975296E1,-2.645448761E0,-1.713382004E1,9.696685638E0
1.427976696E1,5.085225220E0,-1.554307800E1,4.203259277E0
1.428978096E1,1.154055130E1,-1.459090805E1,-2.402803345E0
1.429979396E1,1.613824036E1,-1.420156769E1,-1.053883438E1
1.430980796E1,1.862247437E1,-1.075169174E1,-2.103830063E1
1.431982196E1,1.970143066E1,-5.235512695E0,-3.162353851E1
1.436989096E1,1.227208008E1,-7.724985809E0,-1.935130875E1
1.437990496E1,3.474275208E0,-1.561792236E1,-8.577463074E0
1.438991896E1,-5.322631531E0,-2.053070618E1,5.771997070E0
1.439993296E1,-1.040142014E1,-2.146641037E1,1.833896393E1
1.445000196E1,-1.359248428E1,-1.717708008E1,1.170670578E1
1.446001496E1,-5.026247864E0,-1.712109650E1,1.665736084E0
1.447002896E1,4.965474243E0,-1.670211777E1,-4.047433319E0
1.448004296E1,1.496498016E1,-1.396296387E1,-7.322921906E0
1.449005696E1,2.282573364E1,-9.268725586E0,-1.074884766E1
1.450007096E1,2.823278961E1,-4.707859955E0,-1.377540390E1
1.457016696E1,1.584021011E1,-6.902895355E0,-9.274713135E-1
1.458018096E1,1.302217026E1,-6.967710571E0,-1.933978271E0
1.459019496E1,1.158396103E1,-6.943610687E0,-3.235521698E0
1.460020796E1,1.111857880E1,-7.073690186E0,-4.370611267E0
1.461022196E1,1.094628708E1,-7.075785828E0,-4.512366486E0
1.462023596E1,1.011611343E1,-6.517596588E0,-3.431164856E0
1.463024996E1,1.093056976E1,-5.421276398E0,-1.870360565E0
1.464026396E1,1.315793793E1,-3.811523895E0,-2.106569366E0
1.465027796E1,1.412268173E1,-2.844085693E0,-2.778971100E0
1.466029096E1,1.415725983E1,-3.018323364E0,-2.578537903E0
1.467030496E1,1.342333603E1,-4.277804260E0,-1.879940643E0
1.468031896E1,1.260049713E1,-5.793103180E0,-5.731581116E-1
1.469033296E1,1.233285370E1,-5.836213531E0,1.506766663E0
1.470034596E1,1.384201538E1,-5.563330994E0,3.104993134E0
1.471035996E1,1.706107132E1,-4.639152832E0,4.067192230E0
1.472037396E1,2.095776810E1,-2.072440338E0,3.748804321E0
1.473038804E1,2.323094101E1,-1.598675537E-1,1.829794922E0
1.477044304E1,1.771042099E1,-2.474354553E0,-2.774480438E0
1.478045704E1,1.688713303E1,-1.988315277E0,-2.188598785E0
1.479047104E1,1.816996536E1,-1.394799500E0,-2.270628204E0
1.480048404E1,1.957823685E1,-4.323010254E-1,-1.804497528E0
1.499074704E1,1.784588928E1,-6.815177765E0,6.414311371E0
1.500076004E1,1.621503067E1,-6.834038544E0,4.587809601E0
1.501077404E1,1.535461990E1,-6.794371033E0,5.139412537E0
1.502078804E1,1.432970123E1,-7.830366669E0,7.841443634E0
1.503080204E1,1.211864914E1,-9.114546204E0,1.033241364E1
1.504081504E1,9.310039673E0,-9.327852631E0,1.091320587E1
1.505082904E1,7.854466553E0,-9.777667236E0,9.408684540E0
1.506084304E1,5.238057404E0,-1.011132339E1,7.246880035E0
1.507085704E1,2.563569031E0,-1.012135254E1,4.337530060E0
1.508087104E1,1.463955688E0,-1.002974304E1,2.330952759E0
1.509088504E1,2.653681641E0,-9.771080933E0,1.972298584E0
1.510089804E1,5.778134308E0,-1.002974304E1,2.826721802E0
1.511091204E1,6.997348938E0,-1.103669907E1,2.914140015E0
1.512092604E1,4.493206329E0,-1.425021652E1,1.996099091E0
1.513094004E1,-1.678759003E0,-1.839988724E1,1.355131989E0
1.514095304E1,-9.462123413E0,-2.145802780E1,2.556833038E0
1.519102204E1,-1.773556870E1,-1.700778214E1,5.216202850E0
1.520103604E1,-1.655871597E1,-1.629780853E1,4.552782440E0
1.521105004E1,-1.476334946E1,-1.582090027E1,4.510869598E0
1.522106404E1,-1.299148407E1,-1.548335220E1,5.360353088E0
1.523107804E1,-1.061951660E1,-1.428224991E1,4.979395294E0
1.524109104E1,-8.266409912E0,-1.375055557E1,4.037853241E0
1.525110504E1,-8.268505554E0,-1.389141266E1,1.707948303E0
1.526111904E1,-7.323221283E0,-1.483460129E1,-1.525477753E0
1.527113304E1,-2.675685883E0,-1.358844269E1,-4.197720795E0
1.528114704E1,2.819836121E0,-1.104358475E1,-4.754862213E0
1.529116004E1,7.224426727E0,-9.263187103E0,-5.037175140E0
1.530117404E1,1.256352402E1,-6.696175232E0,-6.866520996E0
1.531118804E1,1.936912170E1,-5.315895538E0,-6.001020813E0
1.532120204E1,2.908766190E1,-2.057621155E0,-3.519780579E0
1.544136704E1,1.820843536E1,-4.425696716E0,6.106102295E0
1.545138104E1,1.501288055E1,-5.475763092E0,6.806196442E0
1.546139504E1,1.186103485E1,-6.997947693E0,7.140601044E0
1.547140904E1,9.224118347E0,-9.072483673E0,7.149133301E0
1.548142204E1,7.660619659E0,-1.134146530E1,6.488556976E0
1.549143604E1,5.918841705E0,-1.373394012E1,5.279371490E0
1.550145004E1,3.228935394E0,-1.594080093E1,4.336631927E0
1.551146404E1,-1.497036896E0,-1.874342285E1,2.921474762E0
1.552147804E1,-7.613018646E0,-2.064357147E1,2.321672058E-1
1.560158804E1,-1.781041306E1,-1.703712112E1,-7.143145752E0
1.561160204E1,-1.065978287E1,-1.501916748E1,-1.054781570E1
1.562161504E1,-1.842967529E0,-1.151989426E1,-1.476993576E1
1.563162904E1,4.948260040E0,-9.073681183E0,-1.521660690E1
1.564164304E1,1.006851242E1,-7.044351196E0,-1.224259140E1
1.565165704E1,1.683339478E1,-3.772006073E0,-9.611213379E0
1.566167104E1,2.457409790E1,-5.119354248E-2,-7.928712158E0
1.579184992E1,1.348680405E1,-5.172493744E0,2.402653656E0
1.580186392E1,7.115752716E0,-8.104297028E0,3.370391235E0
1.581187692E1,1.228046265E0,-1.019335281E1,4.270619202E0
1.582189092E1,-5.152136078E0,-1.232791397E1,4.202061768E0
1.583190492E1,-1.159428955E1,-1.508368332E1,3.609743500E0
1.584191892E1,-1.783301605E1,-1.686213501E1,4.446503448E0
1.585193192E1,-2.253114624E1,-1.841590393E1,5.824388123E0
1.593204292E1,4.808301086E0,-1.502485565E1,-1.280332535E1
1.594205692E1,9.812395020E0,-9.491761780E0,-1.211550568E1
1.595206992E1,1.105735611E1,-6.048921204E0,-7.621101837E0
1.596208392E1,1.243928238E1,-4.496499481E0,-4.416715393E0
1.597209792E1,1.428045364E1,-3.241658936E0,-1.098116455E0
1.598211192E1,1.563393906E1,-4.357887726E0,1.641187134E0
1.599212492E1,1.872725647E1,-8.363108826E0,3.145109711E0
1.600213892E1,2.411500259E1,-9.978549500E0,5.906866608E0
1.618238692E1,1.640318939E1,-1.418001251E0,-1.219484070E1
1.619240092E1,1.427626236E1,-2.625091095E0,-9.726922760E0
1.620241492E1,1.369008133E1,-2.941682739E0,-9.460626526E0
1.621242892E1,1.323218353E1,-3.397185516E0,-8.045768738E0
1.622244192E1,1.184322189E1,-4.281845856E0,-6.633006592E0
1.623245592E1,1.006372238E1,-5.240452423E0,-6.095175018E0
1.624246992E1,8.344697113E0,-6.266269226E0,-5.580994263E0
1.625248392E1,7.252568207E0,-6.303691406E0,-4.612957306E0
1.626249792E1,6.973548431E0,-5.707331543E0,-3.962110748E0
1.627251092E1,7.848179626E0,-3.963607635E0,-4.751868439E0
1.628252492E1,8.281378784E0,-2.044448547E0,-5.851930847E0
1.629253892E1,7.301366730E0,-1.474733276E0,-5.444927216E0
1.630255292E1,5.981411591E0,-1.511706390E0,-4.619992676E0
1.631256592E1,4.372108154E0,-1.645228729E0,-4.288282471E0
1.632257992E1,2.052382050E0,-1.400038605E0,-3.484903107E0
1.633259392E1,2.296674042E0,-1.297651520E0,-3.041674805E0
1.634260792E1,4.171824646E0,-2.739303589E-1,-2.419269104E0
1.635262192E1,5.990692291E0,1.741328888E0,-1.504221954E0
1.636263492E1,9.785001984E0,3.637136536E0,-2.665357361E0
1.637264892E1,1.004156845E1,3.359463959E0,-5.625002747E0
1.638266292E1,5.795348511E0,4.367916870E-1,-8.211623840E0
1.639267692E1,-3.049159241E-1,-2.563718719E0,-9.766739960E0
1.640268992E1,-6.363267517E0,-4.268972626E0,-1.192285629E1
1.641270392E1,-1.014814682E1,-4.546794891E0,-1.364307907E1
1.642271792E1,-1.071681427E1,-4.725373535E0,-1.350087479E1
1.643273192E1,-9.578581238E0,-5.383405151E0,-1.105675735E1
1.644274492E1,-9.550589447E0,-6.291566620E0,-9.340725861E0
1.645275892E1,-1.056398209E1,-7.049141235E0,-8.988957367E0
1.646277292E1,-1.271321274E1,-7.957003326E0,-7.256160736E0
1.647278692E1,-1.485510864E1,-8.539142761E0,-4.640649719E0
1.648280092E1,-1.472547821E1,-9.314530334E0,-2.634521484E0
1.649281392E1,-1.221070770E1,-1.007958939E1,-9.253756714E-1
1.650282792E1,-7.594457245E0,-1.007015900E1,4.767585754E-1
1.651284192E1,-2.752775574E0,-1.039333694E1,1.911225586E0
1.652285592E1,1.507814484E0,-1.135703293E1,2.861748962E0
1.653286992E1,6.254593506E0,-1.088416626E1,1.152453461E0
1.654288292E1,9.240284729E0,-1.082563797E1,-2.646496582E0
1.655289692E1,1.317066147E1,-9.345964966E0,-1.059691360E1
1.656291092E1,1.760474075E1,-5.551655273E0,-2.143602356E1
1.657292492E1,1.994347733E1,-4.714146881E0,-2.369033569E1
1.676318567E1,1.843805786E1,-8.217312012E0,7.821385345E0
1.677319967E1,1.481080078E1,-8.715476074E0,7.996221771E0
1.678321367E1,1.077743820E1,-9.898615723E0,8.784482574E0
1.679322767E1,5.680387573E0,-1.119207596E1,1.034798126E1
1.680324067E1,-1.770817566E-1,-1.308967987E1,1.098460739E1
1.681325467E1,-6.878196716E0,-1.600426895E1,1.136601425E1
1.682326867E1,-1.517858597E1,-1.676378952E1,1.256696686E1
1.683328267E1,-2.275597870E1,-1.685135742E1,1.166449356E1
1.684329567E1,-2.803505081E1,-1.671409286E1,9.259594574E0
1.689336467E1,-1.933768707E1,-1.637879013E1,-5.578748932E0
1.690337867E1,-1.199635345E1,-1.604423584E1,-8.173004150E0
1.691339267E1,-4.975503387E0,-1.528890656E1,-1.119836288E1
1.692340667E1,5.180277557E0,-1.187869812E1,-1.670047119E1
1.693341967E1,1.684866302E1,-6.894512787E0,-2.194257019E1
1.706359867E1,1.836905136E1,-1.594184875E0,-5.426665192E0
1.707361267E1,1.484103790E1,-1.938468933E0,-2.973716125E0
1.708362667E1,1.194545929E1,-2.708767090E0,-7.427554321E-1
1.709364067E1,8.589288483E0,-4.343367920E0,1.472038879E0
1.710365367E1,4.295617218E0,-6.557862854E0,4.259841614E0
1.711366767E1,-1.077908478E0,-8.615633698E0,8.132288818E0
1.712368167E1,-8.061635742E0,-1.119806351E1,1.091410400E1
1.713369567E1,-1.573408081E1,-1.303339691E1,1.185744232E1
1.714370967E1,-2.269071442E1,-1.449376007E1,1.113773895E1
1.715372267E1,-2.726101044E1,-1.540147247E1,9.703421631E0
1.719377767E1,-1.375968658E1,-1.466470459E1,-1.329385529E0
1.720379167E1,-6.099216614E0,-1.310150528E1,-2.176623688E0
1.721380567E1,2.194286957E0,-9.581874390E0,-5.034331055E0
1.722381967E1,9.212143250E0,-5.975124664E0,-1.033151550E1
1.723383267E1,1.485301300E1,-3.229534149E0,-1.734772522E1
1.724384667E1,2.038401123E1,-1.084345093E0,-2.395169220E1
1.736401167E1,1.665990555E1,-4.973108368E0,-2.862946472E0
1.737402567E1,9.103319550E0,-5.788762207E0,2.290237427E0
1.738403967E1,1.445693665E0,-6.941814423E0,6.625971222E0
1.739405367E1,-6.088289337E0,-8.719517670E0,9.296867065E0
1.740406667E1,-1.298684372E1,-1.041159897E1,1.198961746E1
1.741408067E1,-1.991713211E1,-1.135583542E1,1.439706116E1
1.742409467E1,-2.568344101E1,-1.214723969E1,1.326032501E1
1.746414967E1,-1.409454025E1,-1.325269089E1,-4.796026611E-1
1.747416367E1,-5.286706238E0,-1.135508698E1,-3.227139130E0
1.748417667E1,1.456022186E0,-9.815388794E0,-5.167254639E0
1.749419067E1,6.391109619E0,-9.431437225E0,-7.063960419E0
1.750420467E1,9.714947662E0,-1.009485764E1,-1.036085449E1
1.751421867E1,1.257924133E1,-1.081994980E1,-1.436113586E1
1.752423267E1,1.733979172E1,-1.005593857E1,-1.825498856E1
1.753424567E1,2.466585709E1,-6.607858887E0,-2.314247498E1
1.764439767E1,1.559636719E1,-9.640552368E0,-5.283562775E0
1.765441067E1,8.010442200E0,-1.316317703E1,4.165837097E-1
1.766442467E1,-4.083508301E-1,-1.516256927E1,7.832761688E0
1.767443867E1,-8.213120728E0,-1.460737381E1,1.754351807E1
1.768445267E1,-1.507619888E1,-1.199889816E1,2.773702057E1
1.773452079E1,-1.267040176E1,-1.527962585E1,5.810916138E-1
1.774453479E1,4.372257843E0,-1.158186539E1,-6.799161072E0
1.775454879E1,2.406904816E1,-8.309220886E-1,-1.559052933E1
1.776456279E1,3.729928574E1,9.790989532E0,-2.669069641E1
1.789474179E1,1.816158279E1,-1.377615234E1,1.022344025E1
1.790475479E1,1.677351929E1,-1.461800171E1,2.014256332E1
1.791476879E1,1.696227676E1,-1.138637192E1,2.618744293E1
1.801490679E1,-3.146456909E0,-1.336405930E1,1.523726395E1
1.802491979E1,-7.714058533E0,-1.309252396E1,1.284553757E1
1.803493379E1,-1.351255051E1,-1.308474014E1,1.086770050E1
1.804494779E1,-1.827399902E1,-1.303429504E1,8.888366547E0
1.805496179E1,-1.966939728E1,-1.180639847E1,1.210053680E1
1.806497479E1,-1.598690506E1,-1.007824219E1,1.497695526E1
1.807498879E1,-9.725575562E0,-8.134384460E0,1.243179794E1
1.808500279E1,-4.698579254E0,-6.294859772E0,9.760602722E0
1.809501679E1,-1.168021088E0,-3.465742950E0,6.869215393E0
1.810502979E1,3.704646149E0,1.070424042E0,1.812580719E0
1.811504379E1,4.516108704E0,-8.652008057E-2,-2.692301331E0
1.812505779E1,2.925666046E0,-4.039350128E0,-8.216713257E0
1.813507179E1,3.102897491E0,-8.581504669E0,-1.740071503E1
1.814508479E1,4.608766022E0,-1.361403946E1,-2.942146774E1
1.828527779E1,-8.574469299E0,-1.223256226E1,-1.245320343E1
1.829529179E1,-8.868907013E0,-1.260873001E1,1.852248230E0
1.830530479E1,-7.685168610E0,-1.093745544E1,1.167542084E1
1.831531879E1,-6.935976563E0,-9.616901550E0,1.826202393E1
1.832533279E1,-6.375392303E0,-8.821006622E0,2.432711151E1
1.836538779E1,2.012789383E1,5.014871521E0,1.679986450E1
1.837540179E1,2.699695953E1,1.153890472E1,8.428373108E0
1.839542879E1,1.214394653E1,8.976832581E-1,1.241667938E0
1.840544279E1,3.890409851E0,-4.492008820E0,7.476951599E-1
1.841545579E1,-4.775070190E-1,-7.596552887E0,4.491260376E0
1.842546979E1,-6.937174072E0,-1.222388031E1,4.890330505E0
1.843548379E1,-1.325418777E1,-1.611369141E1,-5.048252106E0
1.844549779E1,-1.175520493E1,-1.375414810E1,-1.391671005E1
1.845551079E1,-6.637197876E0,-9.747729492E0,-2.692675552E1
1.846552479E1,-4.437671814E0,-6.326444092E0,-4.492562668E1
1.853562079E1,-2.739303589E-1,-1.276695099E1,-1.697994003E1
1.854563479E1,-2.593506775E0,-1.289089325E1,-1.171957901E1
1.855564879E1,-3.225043488E0,-1.093491074E1,-8.141719208E0
1.856566279E1,-3.310366058E0,-8.301736450E0,-6.572382660E0
1.857567579E1,-1.933080139E0,-6.131998444E0,-5.842650146E0
1.858568979E1,2.465373230E-1,-4.701872406E0,-4.055366821E0
1.859570379E1,2.316732330E0,-3.628753967E0,-1.337319031E0
1.860571779E1,4.617148590E0,-2.776725769E0,3.499422913E0
1.861573079E1,6.776558075E0,-2.290836182E0,8.679101715E0
1.862574479E1,7.297923889E0,-3.149300995E0,1.355820557E1
1.863575879E1,6.065386963E0,-4.514611816E0,1.974903168E1
1.864577279E1,4.908442841E0,-4.860093384E0,2.412323547E1
1.868582779E1,9.773176575E-1,-6.139333191E0,1.848041977E1
1.869584079E1,-2.091600494E0,-7.358398132E0,1.409259430E1
1.870585479E1,-5.619913330E0,-9.316476288E0,1.133113678E1
1.871586879E1,-6.222260742E0,-9.497000885E0,5.210364990E0
1.872588179E1,-6.100563812E0,-9.724827118E0,-3.852089539E0
1.873589571E1,-4.791535950E0,-9.779762878E0,-1.075812836E1
1.874590971E1,-4.605323181E0,-1.116558105E1,-1.962239502E1
1.875592371E1,-5.188510437E0,-1.390518402E1,-3.037423645E1
1.886607471E1,-3.552712097E0,-1.307665695E1,-1.882320694E1
1.887608871E1,-3.110681305E0,-1.219888229E1,-1.600516708E1
1.888610171E1,-3.116219788E0,-1.153950348E1,-1.532992126E1
1.889611571E1,-3.799698486E0,-1.158725418E1,-1.358200607E1
1.890612971E1,-4.290527802E0,-1.231743576E1,-7.163503418E0
1.891614371E1,-4.729564819E0,-1.229692841E1,2.674338684E0
1.892615671E1,-3.803291016E0,-9.371561737E0,1.396700546E1
1.893617071E1,-2.991678772E0,-6.608906708E0,2.191727280E1
1.894618471E1,-4.336781616E0,-6.224655762E0,2.479908005E1
1.899625271E1,4.488116913E0,-3.221301270E0,1.712798218E1
1.900626671E1,8.331374817E0,-2.547851715E0,9.972112885E0
1.901628071E1,1.034244278E1,-2.523003387E0,1.328337708E0
1.902629471E1,1.061891785E1,-3.870800629E0,-5.585335236E0
1.903630771E1,8.492290192E0,-5.338348846E0,-1.231534012E1
1.904632171E1,4.706961823E0,-6.755751343E0,-2.226964005E1
1.905633571E1,1.090482330E0,-7.621401215E0,-2.946772156E1
1.909639071E1,2.696791992E0,-6.892716522E0,-1.608854370E1
1.910640371E1,1.147663422E0,-8.625662842E0,-1.257145752E1
1.911641771E1,-8.381071472E-1,-9.048084412E0,-1.140702896E1
1.912643171E1,-2.188149719E0,-9.095984802E0,-1.145313309E1
1.913644571E1,-3.273991699E0,-9.603429565E0,-1.096903976E1
1.914645871E1,-4.619244232E0,-1.076471466E1,-8.336763611E0
1.915647271E1,-5.779331818E0,-1.161659317E1,-3.824097748E0
1.916648671E1,-6.151907043E0,-1.137948624E1,1.293909302E0
1.917650071E1,-7.785310364E0,-1.186073547E1,3.258573761E0
1.918651371E1,-6.811884613E0,-1.223705292E1,-2.155517578E-2
1.919652771E1,-2.380200348E0,-1.138262970E1,-2.645897827E0
1.920654171E1,5.433101807E0,-6.972051544E0,-7.647447052E0
1.921655571E1,1.057086777E1,-4.119583282E0,-1.456411377E1
1.922656871E1,9.868378601E0,-5.629343719E0,-2.070254883E1
1.923658271E1,7.759114838E0,-7.664062500E0,-2.506013718E1
1.937677471E1,1.630978363E1,-6.949747925E0,-1.077085190E1
1.938678871E1,1.377121262E1,-6.162385254E0,-1.527064453E1
1.939680271E1,1.469015167E1,-3.927233276E0,-1.928993637E1
1.940681571E1,1.653566391E1,-2.451302490E0,-1.920191940E1
1.941682971E1,1.733530106E1,-2.825973358E0,-1.743978378E1
1.942684371E1,1.602447693E1,-4.922663269E0,-1.542033325E1
1.943685771E1,1.390204056E1,-7.775430908E0,-1.257160721E1
1.944687071E1,9.440268860E0,-1.173799072E1,-8.177943878E0
1.945688471E1,1.993853760E0,-1.447115707E1,-6.371051331E0
1.946689871E1,-2.650687866E0,-1.361927856E1,-9.071585541E0
1.947691271E1,-2.677182770E0,-1.215292786E1,-1.034079620E1
1.948692571E1,-1.780697021E0,-1.132574799E1,-8.635242920E0
1.949693971E1,-2.259401550E0,-1.139206009E1,-8.088430023E0
1.950695371E1,-4.128265228E0,-1.193019104E1,-8.043673096E0
1.951696671E1,-6.398444366E0,-1.235515732E1,-6.677314453E0
1.952698071E1,-9.069040833E0,-1.301079391E1,-3.836072845E0
1.953699471E1,-1.274165359E1,-1.370505020E1,-2.522254944E-1
1.954700871E1,-1.770368500E1,-1.525238251E1,3.344944153E0
1.955702171E1,-2.297033295E1,-1.602402786E1,7.329358521E0
1.958706271E1,-1.216924393E1,-1.421608749E1,6.544989624E0
1.959707671E1,-2.507735138E0,-1.191612030E1,1.371448059E0
1.960709071E1,5.080734558E0,-8.333470459E0,-3.667523346E0
1.961710471E1,1.038330780E1,-4.537214813E0,-7.492219849E0
1.962711771E1,1.275542496E1,-1.136586456E0,-9.242380371E0
1.963713171E1,1.116243759E1,-2.003882904E0,-8.783584442E0
1.964714571E1,7.963439941E0,-3.967649231E0,-9.164392548E0
1.965715971E1,8.080346832E0,-4.411326599E0,-1.102936432E1
1.966717271E1,1.063732956E1,-4.565505981E0,-9.853260040E0
1.967718671E1,1.180280594E1,-4.613556061E0,-6.885232086E0
1.968720071E1,1.203766754E1,-4.734953613E0,-4.476590881E0
1.969721371E1,1.302591248E1,-4.681664429E0,-2.393672333E0
1.970722771E1,1.794288757E1,-8.795709229E-1,-7.127278748E0
1.971724171E1,2.597593277E1,7.637567596E0,-2.108096191E1
1.983740621E1,1.578407684E1,1.263971558E0,7.094646606E0
1.984741921E1,9.719887390E0,-1.194665680E0,9.922266541E0
1.985743321E1,2.654879150E0,-2.948418732E0,1.137484589E1
1.986744721E1,-3.108735352E0,-4.484374695E0,1.167033142E1
1.987746021E1,-8.382119293E0,-6.560257874E0,9.495803375E0
1.988747421E1,-1.348440903E1,-8.212222595E0,7.189848633E0
1.989748821E1,-1.604273895E1,-9.693093109E0,5.543721771E0
1.990750221E1,-1.630619110E1,-1.066577042E1,3.360362091E0
1.991751521E1,-1.648327286E1,-1.175909683E1,2.274220734E0
1.992752921E1,-1.603405701E1,-1.269345383E1,1.441801758E0
1.993754321E1,-1.544727722E1,-1.299687286E1,1.404529266E0
1.994755721E1,-1.552900726E1,-1.337348969E1,1.845661926E-1
1.995757021E1,-1.585862183E1,-1.418959259E1,-3.798051910E0
1.996758421E1,-1.352736969E1,-1.482157837E1,-7.879614258E0
1.997759821E1,-6.639293518E0,-1.289164169E1,-1.289179138E1
1.998761121E1,1.967209167E0,-1.049557434E1,-1.686617661E1
1.999762521E1,1.281215698E1,-5.550607452E0,-2.135040161E1
2.000763921E1,2.144859741E1,-2.532583466E0,-2.486658966E1
2.014783121E1,1.719055206E1,-4.926854553E0,-2.199226685E0
2.015784521E1,1.295630722E1,-5.395080872E0,-3.552113342E-1
2.016785821E1,9.787097626E0,-5.456153870E0,1.345851288E0
2.017787221E1,7.274422760E0,-5.717660065E0,2.966830444E0
2.018788621E1,4.693639526E0,-6.366710358E0,5.283562775E0
2.019789921E1,4.119433594E-1,-8.673712921E0,9.497000885E0
2.020791321E1,-7.280260620E0,-1.162048508E1,1.581835556E1
2.021792721E1,-1.453357727E1,-1.268312531E1,1.895388519E1
2.022794121E1,-1.837623642E1,-1.311138474E1,1.939890976E1
2.027675821E1,-1.893592255E1,-1.388602386E1,5.461692352E0
2.028802321E1,-1.061113403E1,-1.206730591E1,-2.057920532E0
2.029803721E1,-2.145787811E0,-9.712103577E0,-7.031028900E0
2.030805021E1,6.463409271E0,-5.717660065E0,-1.181478104E1
2.031806421E1,1.452714066E1,-4.944218445E-1,-1.739008713E1
2.032807821E1,2.049822372E1,3.825145569E0,-2.311418381E1
2.046827021E1,1.588616455E1,-1.214125214E0,1.126257935E0
2.047828321E1,1.137245087E1,-1.731449432E0,3.649411011E0
2.048829721E1,7.270830231E0,-1.719773712E0,4.005969543E0
2.049831121E1,4.073030090E0,-1.994153137E0,3.607498169E0
2.050832521E1,8.662486267E-1,-3.059038696E0,3.324586487E0
2.051833821E1,-4.077371063E0,-4.938230896E0,3.848946075E0
2.052835221E1,-9.801318054E0,-6.700665894E0,7.424859924E0
2.053836621E1,-1.525612473E1,-7.616461487E0,1.179142960E1
2.054837921E1,-2.016067566E1,-8.109985199E0,1.368169876E1
2.055839321E1,-2.338302475E1,-8.637338562E0,1.170161636E1
2.058843421E1,-1.663341064E1,-1.211236221E1,-3.093317413E0
2.059844821E1,-6.081852722E0,-9.205407257E0,-7.831713867E0
2.060846221E1,3.173251190E0,-6.606212311E0,-1.123324036E1
2.061847521E1,1.066472260E1,-4.272565155E0,-1.395607819E1
2.062848921E1,1.488579483E1,-2.703677673E0,-1.625260254E1
2.063850321E1,1.683219727E1,-2.630779266E0,-1.629750916E1
2.064851721E1,1.851918915E1,-3.323987732E0,-1.422566757E1
2.065853021E1,2.083607117E1,-3.861070862E0,-1.227297821E1
2.077869554E1,1.702275101E1,-7.428751831E0,2.883603516E0
2.078870854E1,1.556029221E1,-5.642815704E0,5.345084839E0
2.079872254E1,1.466650085E1,-3.387156372E0,4.556374969E0
2.080873654E1,1.385234390E1,-1.816173248E0,2.007475433E0
2.081875054E1,1.209245361E1,-1.616787872E0,-5.879772949E-1
2.082876354E1,9.726174316E0,-3.488345947E0,2.339335327E0
2.083877754E1,6.849456482E0,-5.630840607E0,1.380489258E1
2.084879154E1,2.271376648E0,-5.974825287E0,2.489652740E1
2.085880454E1,-8.788224792E-1,-4.797373810E0,2.904619812E1
2.088884554E1,3.567680969E0,-4.104464722E-1,1.503548355E1
2.089885954E1,6.577621765E0,8.018824768E-1,1.006866211E1
2.090887354E1,1.176268936E1,3.536545715E0,4.340374146E0
2.091888754E1,1.706196945E1,7.069798279E0,-1.601968689E0
2.092890054E1,2.005499542E1,8.587342529E0,-5.921536102E0
2.093891454E1,2.130564468E1,9.032367096E0,-8.297694855E0
2.095894154E1,1.819107147E1,6.798113251E0,-9.663454742E0
2.096895554E1,1.619063141E1,5.414989471E0,-8.782536621E0
2.097896954E1,1.498488876E1,4.524940338E0,-6.852450256E0
2.098898354E1,1.393601990E1,3.889960785E0,-4.470603333E0
2.099899654E1,1.302666092E1,3.317401428E0,-2.288291473E0
2.100901054E1,1.212254105E1,3.205434265E0,-8.247848511E-1
2.101902454E1,1.073612411E1,3.250191193E0,-4.105961609E-1
2.102903754E1,8.373437347E0,3.378624115E0,8.173004150E-2
2.103905154E1,5.375920715E0,3.232677612E0,4.544549561E-1
2.104906554E1,2.893932037E0,2.944826202E0,1.005608826E0
2.105907854E1,1.066981201E0,2.828069000E0,1.914818115E0
2.106909254E1,5.974076843E-1,2.902763672E0,2.924618225E0
2.107910654E1,1.593885498E0,3.614533539E0,3.603755951E0
2.108912054E1,3.531905365E0,4.816533966E0,3.932472382E0
2.109913354E1,5.971981201E0,6.473438416E0,3.390449524E0
2.110914754E1,7.021598511E0,7.724087677E0,1.271755371E0
2.111916154E1,6.970854034E0,7.982151031E0,-1.522783356E0
2.112917454E1,6.217470703E0,8.481961670E0,-3.390748901E0
2.113918854E1,4.268673248E0,8.736133118E0,-5.346881104E0
2.114920254E1,1.800904999E0,8.210276642E0,-6.531966705E0
2.115921554E1,-2.478845215E-1,8.203241272E0,-5.573360138E0
2.116922954E1,-1.010249176E0,8.120313721E0,-3.827241211E0
2.117924354E1,-6.622229004E-1,8.190368042E0,-1.479673004E0
2.118925754E1,2.899470520E-1,8.433312836E0,1.055305481E0
2.119927054E1,1.260229340E0,8.781788177E0,2.763852539E0
2.120928454E1,1.726060638E0,9.651030579E0,3.382216644E0
2.121929854E1,1.100062408E0,1.042896286E1,3.071911926E0
2.122931154E1,-7.147636414E-1,1.010982651E1,1.921254730E0
2.123932554E1,-3.093167725E0,8.855734406E0,1.070274353E0
2.124933954E1,-4.888384552E0,8.041278076E0,1.926493835E0
2.125935254E1,-5.219795380E0,7.899522858E0,2.628384247E0
2.126936654E1,-4.708907776E0,8.464897156E0,3.004252625E0
2.127938054E1,-3.174448700E0,9.313332825E0,3.011587372E0
2.128939454E1,-2.051184540E0,9.744586029E0,3.725602570E0
2.129940754E1,-1.492097168E0,9.948162689E0,4.431833954E0
2.130942154E1,-7.955955505E-1,1.011716125E1,4.509223022E0
2.131943554E1,-8.084687805E-1,1.027253815E1,3.493884430E0
2.132944854E1,-8.996292114E-1,1.051578232E1,3.325185242E0
2.133946254E1,-4.308041382E-1,1.059481796E1,4.136947174E0
2.134947654E1,3.251239014E-1,1.077609100E1,5.238356781E0
2.135948954E1,4.721182251E-1,1.065349594E1,6.367608490E0
2.136950354E1,2.559677124E-1,1.016206787E1,6.350843353E0
2.137951754E1,-1.832189941E-1,1.007285339E1,5.088668060E0
2.138953154E1,-9.388476562E-1,9.705517273E0,3.777394867E0
2.139954454E1,-1.523681488E0,9.286538544E0,3.019221497E0
2.140955854E1,-1.598675537E0,8.876541138E0,4.104614410E0
2.141957254E1,-7.815248108E-1,8.811426544E0,6.605613556E0
2.142958554E1,5.388793945E-2,8.755892029E0,8.907526703E0
2.143959954E1,4.324507141E-1,8.562643890E0,9.811496887E0
2.144961354E1,1.895059204E-1,8.233777771E0,9.367071075E0
2.145962654E1,-1.282832336E-1,7.993527374E0,7.163952484E0
2.146964054E1,-2.041754150E-1,8.308472443E0,4.421206055E0
2.147965454E1,-7.020401001E-1,8.363408203E0,2.781066742E0
2.148966754E1,-1.263372803E0,8.282127228E0,2.369871826E0
2.149968154E1,-1.220861206E0,8.306376801E0,3.540138245E0
2.150969554E1,-5.505551147E-1,8.521479492E0,5.430557098E0
2.151970954E1,6.616241455E-1,8.985664215E0,6.313121796E0
2.152972254E1,1.437610474E0,9.477541351E0,6.683302002E0
2.153973654E1,1.967059479E0,9.724228363E0,6.572981415E0
2.154975054E1,1.855541382E0,9.661658478E0,6.182742920E0
2.155976354E1,1.370549927E0,9.355844421E0,4.974754944E0
2.156977754E1,5.471122742E-1,8.787326660E0,3.853586426E0
2.157979154E1,-8.175997925E-1,8.150700531E0,3.757037201E0
2.158980454E1,-1.696122894E0,7.611222382E0,4.657265167E0
2.159981854E1,-1.453178101E0,7.351961517E0,5.948929138E0
2.160983254E1,-4.486170959E-1,7.649243317E0,7.111411743E0
2.161984654E1,2.405497742E-1,7.989485779E0,7.707023163E0
2.162985954E1,3.237767029E-1,7.900271301E0,7.315138092E0
2.163987354E1,1.651066589E-1,7.598947906E0,6.595883789E0
2.164988754E1,2.103126526E-1,7.590715027E0,5.630391541E0
2.165990054E1,2.064207458E-1,7.839497681E0,4.796775055E0
2.166991454E1,-1.466949463E-2,7.798932037E0,4.822072449E0
2.167992854E1,-2.454895020E-2,7.669151917E0,5.385949860E0
2.168994154E1,-4.834945679E-2,7.571854248E0,5.808221741E0
2.169995554E1,3.212319946E-1,7.722291412E0,6.444249115E0
2.170996954E1,9.252259827E-1,8.037835236E0,7.468119965E0
2.171998254E1,1.425335999E0,8.175548859E0,7.824229431E0
2.172999654E1,1.385069733E0,8.044720917E0,7.122189331E0
2.174001033E1,7.426057434E-1,7.758067017E0,5.752687225E0
2.175002433E1,1.276844788E-1,7.722590790E0,5.099894714E0
2.176003733E1,2.836601257E-1,7.820636902E0,5.825286255E0
2.177005133E1,9.312135315E-1,8.023016052E0,6.594237213E0
2.178006533E1,1.625020752E0,8.463999023E0,6.896907806E0
2.179007833E1,1.843117218E0,8.737330627E0,7.046297150E0
2.180009233E1,1.731150055E0,8.725505219E0,6.928791504E0
2.181010633E1,1.439706116E0,8.683442688E0,6.208339691E0
2.182011933E1,1.115630035E0,8.489446106E0,5.250481567E0
2.183013333E1,6.463558960E-1,8.245154114E0,4.682263184E0
2.184014733E1,1.794767761E-1,7.978109436E0,4.462071075E0
2.185016033E1,1.139131165E-1,7.928113403E0,4.736749878E0
2.186017433E1,6.225553894E-1,8.207582245E0,5.148992615E0
2.187018833E1,1.295106812E0,8.486003265E0,5.396727448E0
2.188020233E1,1.870061188E0,8.739575958E0,5.719456329E0
2.189021533E1,2.624791718E0,8.961714020E0,6.314768372E0
2.190022933E1,3.316952362E0,9.279203796E0,6.523883514E0
2.191024333E1,3.405268707E0,9.329050140E0,5.817053375E0
2.192025633E1,2.795586548E0,8.996591492E0,5.477110291E0
2.193027033E1,2.063908081E0,8.463100891E0,5.437293091E0
2.194028433E1,1.548230438E0,8.088729401E0,5.592370605E0
2.195029733E1,1.555415497E0,8.068222046E0,5.954317932E0
2.196031133E1,1.861528931E0,8.224796448E0,6.217021637E0
2.197032533E1,2.088457031E0,8.248447266E0,6.152356110E0
2.198033833E1,2.199975128E0,8.273445282E0,5.911806335E0
2.199035233E1,2.518662415E0,8.537645874E0,5.682034149E0
2.200036633E1,2.943928070E0,8.757837982E0,5.623655548E0
2.201037933E1,2.854863281E0,8.622369690E0,5.310955811E0
2.202039333E1,2.370470581E0,8.435109100E0,4.642895050E0
2.203040733E1,1.785487061E0,8.358019409E0,4.249213715E0
2.204042133E1,1.341360626E0,8.158484344E0,4.536466370E0
2.205043433E1,1.197958832E0,7.996970215E0,5.165009308E0
2.206044833E1,1.346000977E0,8.008196869E0,5.675597534E0
2.207046233E1,1.665287018E0,8.135731659E0,5.828579407E0
2.208047533E1,1.617236938E0,8.070766754E0,5.624553680E0
2.209048933E1,1.356030121E0,7.948620758E0,5.413492584E0
2.210050333E1,1.172362061E0,7.871680756E0,5.391039276E0
2.211051633E1,1.085243225E0,7.826774139E0,5.561534729E0
2.212053033E1,1.206042023E0,7.844138031E0,5.602549438E0
2.213054433E1,1.463207245E0,7.995024261E0,5.311105499E0
2.214055733E1,1.707349548E0,8.109985199E0,5.130730591E0
2.215057133E1,1.902543640E0,8.116721191E0,5.258564758E0
2.216058533E1,1.984872437E0,8.090076599E0,5.454956360E0
2.217059833E1,2.020498352E0,8.017178192E0,5.546715546E0
2.218061233E1,1.993704071E0,7.935148773E0,5.577551422E0
2.219062633E1,1.936822357E0,7.959248657E0,5.360951843E0
2.220064033E1,1.710642700E0,8.015232239E0,5.027744751E0
2.221065333E1,1.429227905E0,7.963589630E0,5.018314362E0
2.222066733E1,1.346000977E0,7.879464569E0,5.291645966E0
2.223068133E1,1.360820160E0,7.851323090E0,5.410199432E0
2.224069433E1,1.460512848E0,7.934699707E0,5.151088257E0
2.225070833E1,1.652713165E0,8.077353058E0,4.698279877E0
2.226072233E1,1.836979980E0,8.164621582E0,4.455484772E0
2.227073533E1,1.924398193E0,8.277636566E0,4.620890808E0
2.228074933E1,1.786684570E0,8.088729401E0,4.921016693E0
2.229076333E1,1.543889465E0,7.921826477E0,5.372328186E0
2.230077633E1,1.479074249E0,7.949668579E0,5.880222015E0
2.231079033E1,1.499731293E0,7.915090485E0,6.131998444E0
2.232080433E1,1.375938721E0,7.841892700E0,6.044729919E0
2.233081733E1,1.321152649E0,7.891888733E0,4.945865021E0
2.234083133E1,1.497036896E0,8.514893188E0,1.511856079E0
2.235084533E1,1.396446075E0,8.270002441E0,3.403023376E0
2.236085833E1,1.240470428E0,7.927514648E0,3.832031250E0
2.237087233E1,1.054856415E0,7.787406006E0,5.034031677E0
2.238088633E1,1.529519348E0,7.837402039E0,6.085145874E0
2.239090033E1,2.068249054E0,8.035889282E0,6.676566010E0
2.240091333E1,2.258353729E0,8.097261658E0,6.959477692E0
2.241092733E1,2.152823181E0,7.989336090E0,6.533613281E0
2.242094133E1,2.026934967E0,8.025261383E0,5.574108582E0